genre_ids,popularity,release_date,title,year,pg_rating,imdb_id,runtime,genre,imdb_rating,votes,gross_us,month
"['Drama', 'Crime']",43.166,1994-09-23,The Shawshank Redemption,1994,R,111161,142,Drama,9.3,2353109,28.34,9
"['Drama', 'Crime']",37.301,1972-03-14,The Godfather,1972,R,68646,175,"Crime, Drama",9.2,1628373,134.97,3
"['Drama', 'History', 'War']",27.598,1993-11-30,Schindler's List,1993,R,108052,195,"Biography, Drama, History",8.9,1218144,96.9,11
"['Romance', 'Animation', 'Drama']",108.69,2016-08-26,Your Name.,2016,PG,5311514,106,"Animation, Drama, Fantasy",8.4,197768,5.02,8
"['Drama', 'Crime']",29.973,1974-12-20,The Godfather: Part II,1974,R,71562,202,"Crime, Drama",9.0,1134978,57.3,12
"['Animation', 'Family', 'Fantasy']",54.282,2001-07-20,Spirited Away,2001,PG,245429,125,"Animation, Adventure, Family",8.6,655442,10.06,7
"['Comedy', 'Thriller', 'Drama']",152.609,2019-05-30,Parasite,2019,R,6751668,132,"Comedy, Drama, Thriller",8.6,565186,53.37,5
"['Fantasy', 'Drama', 'Crime']",40.079,1999-12-10,The Green Mile,1999,R,120689,189,"Crime, Drama, Fantasy",8.6,1153309,136.8,12
"['Thriller', 'Crime']",43.495,1994-09-10,Pulp Fiction,1994,R,110912,154,"Crime, Drama",8.9,1834079,107.93,9
"['Comedy', 'Drama']",35.865,1997-12-20,Life Is Beautiful,1997,PG-13,118799,116,"Comedy, Drama, Romance",8.6,626485,57.6,12
['Drama'],19.167,1957-04-10,12 Angry Men,1957,Approved,50083,96,"Crime, Drama",9.0,693432,4.36,4
"['Drama', 'Action', 'Crime', 'Thriller']",66.327,2008-07-16,The Dark Knight,2008,PG-13,468569,152,"Action, Crime, Drama",9.0,2312777,534.86,7
"['Comedy', 'Drama', 'Romance']",35.922,1994-07-06,Forrest Gump,1994,PG-13,109830,142,"Drama, Romance",8.8,1818171,330.25,7
"['Adventure', 'Fantasy', 'Action']",64.529,2003-12-01,The Lord of the Rings: The Return of the King,2003,PG-13,167260,201,"Action, Adventure, Drama",8.9,1648942,377.85,12
"['Drama', 'Romance']",16.117,1988-11-17,Cinema Paradiso,1988,R,95765,155,"Drama, Romance",8.5,231978,11.99,11
['Western'],22.647,1966-12-23,"The Good, the Bad and the Ugly",1966,R,60196,178,Western,8.8,691045,6.1,12
"['Drama', 'Crime']",19.46,1984-05-23,Once Upon a Time in America,1984,R,87843,229,"Crime, Drama",8.4,312931,5.32,5
"['Action', 'Drama']",16.169,1954-04-26,Seven Samurai,1954,Not Rated,47478,207,"Action, Adventure, Drama",8.6,316958,0.27,4
"['Horror', 'Drama', 'Thriller']",25.461,1960-06-22,Psycho,1960,R,54215,109,"Horror, Mystery, Thriller",8.5,606660,32.0,6
['Drama'],42.781,1999-10-15,Fight Club,1999,R,137523,139,Drama,8.8,1862752,37.03,10
['Drama'],17.527,1975-11-18,One Flew Over the Cuckoo's Nest,1975,R,73486,133,Drama,8.7,921481,112.0,11
"['Drama', 'Crime']",21.329,2002-02-05,City of God,2002,R,317248,130,"Crime, Drama",8.6,701447,7.56,2
"['Action', 'Adventure', 'Animation', 'Science Fiction', 'Comedy']",81.71,2018-12-06,Spider-Man: Into the Spider-Verse,2018,PG,4633694,117,"Animation, Action, Adventure",8.4,379677,190.24,12
"['Fantasy', 'Animation', 'Adventure']",40.944,2004-11-19,Howl's Moving Castle,2004,PG,347149,119,"Animation, Adventure, Family",8.2,336275,4.71,11
['Comedy'],16.843,1940-10-23,The Great Dictator,1940,Passed,32553,125,"Comedy, Drama, War",8.4,203999,0.29,10
"['Drama', 'Music']",42.871,2014-10-10,Whiplash,2014,R,2582802,106,"Drama, Music",8.5,721830,13.09,10
['Drama'],24.117,1998-10-30,American History X,1998,R,120586,119,Drama,8.5,1037979,6.72,10
['Drama'],10.841,1952-10-09,Ikiru,1952,Not Rated,44741,143,Drama,8.3,68931,0.06,10
"['Drama', 'War']",29.388,2002-09-17,The Pianist,2002,R,253474,150,"Biography, Drama, Music",8.5,733324,32.57,9
"['Comedy', 'Drama', 'Romance']",10.263,1931-02-01,City Lights,1931,G,21749,87,"Comedy, Drama, Romance",8.5,168603,0.02,2
"['Thriller', 'Mystery', 'Drama']",14.645,1954-09-01,Rear Window,1954,PG,47396,112,"Mystery, Thriller",8.4,445778,36.76,9
"['Adventure', 'Fantasy', 'Animation']",26.107,1997-07-12,Princess Mononoke,1997,PG-13,119698,134,"Animation, Action, Adventure",8.4,345229,2.38,7
"['Adventure', 'Fantasy', 'Action']",73.334,2001-12-18,The Lord of the Rings: The Fellowship of the Ring,2001,PG-13,120737,178,"Action, Adventure, Drama",8.8,1668153,315.54,12
"['Action', 'Science Fiction', 'Adventure']",48.988,2010-07-15,Inception,2010,PG-13,1375666,148,"Action, Adventure, Sci-Fi",8.8,2076678,292.58,7
"['Comedy', 'Drama']",13.127,1936-02-11,Modern Times,1936,G,27977,87,"Comedy, Drama, Family",8.5,218953,0.16,2
"['Adventure', 'Fantasy', 'Action']",61.802,2002-12-18,The Lord of the Rings: The Two Towers,2002,PG-13,167261,179,"Action, Adventure, Drama",8.7,1491230,342.55,12
"['Crime', 'Mystery', 'Thriller']",34.846,1995-09-22,Se7en,1995,R,114369,127,"Crime, Drama, Mystery",8.6,1452269,100.13,9
"['Adventure', 'Drama', 'Science Fiction']",107.301,2014-11-05,Interstellar,2014,PG-13,816692,169,"Adventure, Drama, Sci-Fi",8.6,1521545,188.02,11
"['Crime', 'Drama', 'Thriller', 'Horror']",12.271,1991-02-01,The Silence of the Lambs,1991,R,102926,118,"Crime, Drama, Thriller",8.6,1276668,130.74,2
"['Crime', 'Drama', 'Action']",43.949,1994-09-14,Léon: The Professional,1994,R,110413,110,"Action, Crime, Drama",8.5,1039943,19.5,9
['Drama'],18.697,1989-06-02,Dead Poets Society,1989,PG,97165,128,"Comedy, Drama",8.1,428050,95.86,6
['Western'],19.593,1968-12-21,Once Upon a Time in the West,1968,PG-13,64116,165,Western,8.5,303944,5.32,12
['Drama'],11.605,2014-05-22,Mommy,2014,R,3612616,139,Drama,8.1,50975,3.49,5
"['Drama', 'Music', 'Romance']",12.869,1998-10-28,The Legend of 1900,1998,R,120731,169,"Drama, Music, Romance",8.1,59208,0.26,10
"['Thriller', 'Drama', 'Romance']",25.607,2016-06-01,The Handmaiden,2016,Not Rated,4016934,145,"Drama, Romance, Thriller",8.1,115060,2.01,6
"['Adventure', 'Comedy', 'Science Fiction', 'Family']",41.738,1985-07-03,Back to the Future,1985,PG,88763,116,"Adventure, Comedy, Sci-Fi",8.5,1062788,210.61,7
"['Romance', 'Drama']",119.308,2017-09-01,Call Me by Your Name,2017,R,5726616,132,"Drama, Romance",7.9,215241,18.1,9
"['Drama', 'War']",29.421,1979-08-15,Apocalypse Now,1979,R,78788,147,"Drama, Mystery, War",8.4,608758,83.47,8
"['Science Fiction', 'Drama']",10.947,1979-05-25,Stalker,1979,Not Rated,79944,162,"Drama, Sci-Fi",8.2,117713,0.23,5
"['Adventure', 'Science Fiction', 'Action']",299.698,2019-04-24,Avengers: Endgame,2019,PG-13,4154796,181,"Action, Adventure, Drama",8.4,821060,858.37,4
"['Fantasy', 'Drama']",14.911,1963-02-14,8½,1963,Not Rated,56801,138,Drama,8.0,109237,0.05,2
"['Drama', 'Mystery', 'Crime']",12.452,1957-12-17,Witness for the Prosecution,1957,Approved,51201,116,"Crime, Drama, Mystery",8.4,109544,8.18,12
"['Drama', 'Romance']",20.504,2019-06-17,Portrait of a Lady on Fire,2019,R,8613070,122,"Drama, Romance",8.1,64854,3.76,6
['Drama'],11.966,1948-11-24,Bicycle Thieves,1948,Not Rated,40522,89,Drama,8.3,147257,0.33,11
"['Drama', 'Comedy', 'Music']",26.94,2018-11-16,Green Book,2018,PG-13,6966692,130,"Biography, Comedy, Drama",8.2,383880,85.08,11
"['Drama', 'Thriller', 'Mystery', 'Action']",21.455,2003-11-21,Oldboy,2003,R,364569,120,"Action, Drama, Mystery",8.4,517789,0.71,11
"['Drama', 'Thriller', 'Mystery', 'Action']",21.234,2013-11-14,Oldboy,2003,R,364569,120,"Action, Drama, Mystery",8.4,517789,0.71,11
"['Adventure', 'Action', 'Science Fiction']",308.244,2018-04-25,Avengers: Infinity War,2018,PG-13,4154756,149,"Action, Adventure, Sci-Fi",8.4,841860,678.82,4
"['Drama', 'Comedy']",47.657,2011-11-02,The Intouchables,2011,R,1675434,112,"Biography, Comedy, Drama",8.5,764640,13.18,11
"['Family', 'Animation', 'Drama']",115.427,1994-06-23,The Lion King,1994,G,110357,88,"Animation, Adventure, Drama",8.5,946319,422.78,6
"['Adventure', 'Family', 'Animation']",103.356,2019-07-12,The Lion King,1994,G,110357,88,"Animation, Adventure, Drama",8.5,946319,422.78,7
"['Comedy', 'Drama', 'Romance']",14.777,1960-06-21,The Apartment,1960,Approved,53604,125,"Comedy, Drama, Romance",8.3,165142,18.6,6
"['Science Fiction', 'Drama']",27.993,1971-12-19,A Clockwork Orange,1971,R,66921,136,"Crime, Drama, Sci-Fi",8.3,760528,6.21,12
"['Comedy', 'Drama']",12.162,1921-01-21,The Kid,1921,Passed,12349,68,"Comedy, Drama, Family",8.3,114056,5.45,1
"['Fantasy', 'Comedy', 'Family']",14.325,2000-07-07,The Kid,1921,Passed,12349,68,"Comedy, Drama, Family",8.3,114056,5.45,7
"['Action', 'Comedy', 'Mystery']",10.581,1924-04-17,Sherlock Jr.,1924,Passed,15324,45,"Action, Comedy, Romance",8.2,42333,0.98,4
"['Animation', 'Thriller']",18.222,1997-07-25,Perfect Blue,1997,R,156887,81,"Animation, Crime, Mystery",8.0,58830,0.78,7
"['Drama', 'Family']",35.194,2017-11-13,Wonder,2017,PG,2543472,113,"Drama, Family",8.0,143371,132.42,11
"['Horror', 'Thriller']",51.475,1980-05-23,The Shining,1980,R,81505,146,"Drama, Horror",8.4,902404,44.02,5
"['Family', 'Animation', 'Fantasy', 'Music', 'Comedy', 'Adventure']",114.735,2017-10-27,Coco,2017,PG,2380307,105,"Animation, Adventure, Family",8.4,388762,209.73,10
"['Mystery', 'Romance', 'Thriller']",17.792,1958-05-28,Vertigo,1958,PG,52357,128,"Mystery, Romance, Thriller",8.3,365929,3.2,5
"['Drama', 'Crime', 'Thriller']",16.682,1995-07-19,The Usual Suspects,1995,R,114814,106,"Crime, Mystery, Thriller",8.5,994865,23.34,7
"['Drama', 'Action', 'Thriller', 'War']",53.199,2009-08-18,Inglourious Basterds,2009,R,361748,153,"Adventure, Drama, War",8.3,1274250,120.54,8
"['Comedy', 'Drama']",14.247,1960-02-05,La Dolce Vita,1960,Not Rated,53779,174,"Comedy, Drama",8.0,66867,19.52,2
['Drama'],12.527,1950-10-06,All About Eve,1950,Passed,42192,138,Drama,8.2,120998,0.01,10
"['Mystery', 'Thriller']",23.603,2000-10-11,Memento,2000,R,209144,113,"Mystery, Thriller",8.4,1129736,25.54,10
"['Crime', 'Drama']",23.134,1976-02-09,Taxi Driver,1976,R,75314,114,"Crime, Drama",8.2,728316,28.26,2
"['Comedy', 'Music', 'Romance']",13.272,1952-04-09,Singin' in the Rain,1952,G,45152,103,"Comedy, Musical, Romance",8.3,219920,8.82,4
"['Crime', 'Drama', 'Mystery', 'Thriller']",11.386,1944-06-14,Double Indemnity,1944,Passed,36775,107,"Crime, Drama, Film-Noir",8.3,144173,5.72,6
"['Drama', 'Mystery', 'Thriller']",23.47,2006-10-19,The Prestige,2006,PG-13,482571,130,"Drama, Mystery, Sci-Fi",8.5,1195533,53.09,10
"['Drama', 'Science Fiction']",14.331,1927-02-06,Metropolis,1927,Not Rated,17136,153,"Drama, Sci-Fi",8.3,160671,1.24,2
"['Animation', 'Science Fiction']",21.154,2001-05-26,Metropolis,1927,Not Rated,17136,153,"Drama, Sci-Fi",8.3,160671,1.24,5
"['Comedy', 'Crime']",8.824,1998-03-05,"Lock, Stock and Two Smoking Barrels",1998,R,120735,107,"Action, Comedy, Crime",8.2,536919,3.9,3
"['Action', 'Drama', 'Adventure']",33.713,2000-05-01,Gladiator,2000,R,172495,155,"Action, Adventure, Drama",8.5,1346622,187.71,5
"['Crime', 'Thriller', 'Drama']",418.789,2019-10-02,Joker,2019,R,7286456,122,"Crime, Drama, Thriller",8.4,950919,335.45,10
['Drama'],23.671,2011-08-09,The Help,2011,PG-13,1454029,146,Drama,8.0,430104,169.71,8
"['Drama', 'History', 'War']",31.162,1998-07-24,Saving Private Ryan,1998,R,120815,169,"Drama, War",8.6,1241046,216.54,7
"['Drama', 'Thriller', 'Mystery']",37.191,2010-02-14,Shutter Island,2010,R,1130884,138,"Mystery, Thriller",8.2,1136596,128.01,2
"['Crime', 'Thriller']",28.714,1992-09-02,Reservoir Dogs,1992,R,105236,99,"Crime, Drama, Thriller",8.3,922257,2.83,9
"['Comedy', 'Music', 'Romance', 'Crime']",11.638,1959-03-19,Some Like It Hot,1959,Passed,53291,121,"Comedy, Music, Romance",8.2,244899,25.0,3
"['Drama', 'History']",14.933,1966-12-16,Andrei Rublev,1966,R,60107,205,"Biography, Drama, History",8.1,47324,0.1,12
"['Drama', 'Romance']",16.029,1942-11-26,Casablanca,1942,PG,34583,102,"Drama, Romance, War",8.5,524034,1.02,11
"['Drama', 'Thriller', 'Crime']",25.892,2006-10-05,The Departed,2006,R,407887,151,"Crime, Drama, Thriller",8.5,1194986,132.38,10
"['Action', 'Crime', 'Drama', 'Thriller']",47.667,1983-12-09,Scarface,1983,R,86250,170,"Crime, Drama",8.3,744303,45.6,12
"['Action', 'Crime', 'Drama', 'Thriller']",13.684,1932-04-09,Scarface,1983,R,86250,170,"Crime, Drama",8.3,744303,45.6,4
"['Drama', 'History', 'War']",90.641,2016-10-07,Hacksaw Ridge,2016,R,2119532,139,"Biography, Drama, History",8.1,438861,67.21,10
"['Action', 'Science Fiction']",42.047,1999-03-30,The Matrix,1999,R,133093,136,"Action, Sci-Fi",8.7,1683677,171.48,3
"['Comedy', 'War', 'Drama']",44.958,2019-10-18,Jojo Rabbit,2019,PG-13,2584384,108,"Comedy, Drama, War",7.9,302603,0.35,10
"['Drama', 'War']",26.976,1987-06-26,Full Metal Jacket,1987,R,93058,116,"Drama, War",8.3,677648,46.36,6
['Drama'],7.27,1998-11-20,Central Station,1998,R,140888,110,Drama,8.0,36554,5.6,11
"['Animation', 'Drama', 'Mystery']",18.381,2017-06-22,Loving Vincent,2017,PG-13,3262342,94,"Animation, Biography, Crime",7.8,51077,6.74,6
"['Drama', 'Action', 'Thriller', 'Crime']",13.092,1931-05-11,M,1931,Passed,22100,99,"Crime, Mystery, Thriller",8.3,144120,0.03,5
['Drama'],22.756,1997-12-05,Good Will Hunting,1997,R,119217,126,"Drama, Romance",8.3,865441,138.43,12
"['Crime', 'Drama']",18.456,2017-11-10,"Three Billboards Outside Ebbing, Missouri",2017,R,5027774,115,"Comedy, Crime, Drama",8.1,436163,54.51,11
['Drama'],19.171,2016-01-20,Lion,2016,PG-13,3741834,118,"Biography, Drama",8.0,215106,51.74,1
"['Drama', 'Romance']",16.45,2000-09-29,In the Mood for Love,2000,PG,118694,98,"Drama, Romance",8.1,125262,2.73,9
['Drama'],17.151,2007-12-28,There Will Be Blood,2007,R,469494,158,Drama,8.2,520076,40.22,12
"['Drama', 'Western']",40.26,2012-12-25,Django Unchained,2012,R,1853728,165,"Drama, Western",8.4,1364478,162.81,12
"['Horror', 'Science Fiction']",36.729,1979-05-25,Alien,1979,R,78748,117,"Horror, Sci-Fi",8.4,790850,78.9,5
"['Drama', 'Romance']",10.028,1948-07-22,The Red Shoes,1948,Not Rated,40725,135,"Drama, Music, Romance",8.1,31089,10.9,7
['Drama'],13.468,1984-08-23,"Paris, Texas",1984,R,87884,145,Drama,8.1,91911,2.18,8
['Drama'],11.84,1995-05-31,La Haine,1995,Not Rated,113247,98,"Crime, Drama",8.1,151269,0.31,5
"['Comedy', 'Drama']",21.589,1998-06-04,The Truman Show,1998,PG,120382,103,"Comedy, Drama",8.1,944513,125.62,6
"['Action', 'Adventure', 'Comedy', 'Drama', 'War']",13.514,1926-12-25,The General,1926,Passed,17925,67,"Action, Adventure, Comedy",8.1,81525,1.03,12
"['Fantasy', 'Animation', 'Family']",35.41,1988-04-16,My Neighbor Totoro,1988,G,96283,86,"Animation, Family, Fantasy",8.2,293222,1.11,4
"['Drama', 'Romance']",16.029,2010-02-11,My Name Is Khan,2010,PG-13,1188996,165,Drama,8.0,98820,4.02,2
"['Drama', 'Thriller']",18.438,2015-10-16,Room,2015,R,3170832,118,"Drama, Thriller",8.1,373803,14.68,10
"['Science Fiction', 'Drama', 'Romance']",30.851,2004-03-19,Eternal Sunshine of the Spotless Mind,2004,R,338013,108,"Drama, Romance, Sci-Fi",8.3,915048,34.4,3
['Drama'],13.087,1957-10-03,Nights of Cabiria,1957,Not Rated,50783,110,Drama,8.1,43082,0.75,10
"['Drama', 'War', 'Mystery']",10.725,2010-09-04,Incendies,2010,R,1255953,131,"Drama, Mystery, War",8.3,151164,6.86,9
['Drama'],13.622,2012-09-24,The Hunt,2012,R,2106476,115,Drama,8.3,283731,0.69,9
"['Action', 'Thriller', 'Horror']",36.563,2020-03-11,The Hunt,2012,R,2106476,115,Drama,8.3,283731,0.69,3
"['Action', 'Drama', 'History']",13.177,1985-06-01,Ran,1985,R,89881,162,"Action, Drama, War",8.2,113074,4.14,6
"['Crime', 'Drama', 'Thriller']",17.867,2003-05-02,Memories of Murder,2003,Not Rated,353969,132,"Crime, Drama, Mystery",8.1,141095,0.01,5
"['Drama', 'Romance']",33.815,2005-09-16,Pride & Prejudice,2005,PG,414387,129,"Drama, Romance",7.8,260577,38.41,9
"['Drama', 'History']",12.604,1928-04-21,The Passion of Joan of Arc,1928,Passed,19254,114,"Biography, Drama, History",8.1,48060,0.02,4
"['Drama', 'Thriller']",10.17,2006-03-15,The Lives of Others,2006,R,405094,137,"Drama, Mystery, Thriller",8.4,360169,11.29,3
"['Mystery', 'Drama']",16.896,1941-04-17,Citizen Kane,1941,PG,33467,119,"Drama, Mystery",8.3,405257,1.59,4
"['Science Fiction', 'Mystery', 'Adventure']",29.633,1968-04-02,2001: A Space Odyssey,1968,G,62622,149,"Adventure, Sci-Fi",8.3,605833,56.95,4
"['Crime', 'Drama']",12.34,1954-06-22,On the Waterfront,1954,Approved,47296,108,"Crime, Drama, Thriller",8.1,142663,9.6,6
"['Drama', 'History', 'War']",15.828,1981-09-16,Das Boot,1981,R,82096,149,"Adventure, Drama, Thriller",8.3,232728,11.49,9
"['Drama', 'Action', 'Crime']",24.917,2007-10-12,Elite Squad,2007,R,861739,115,"Action, Crime, Drama",8.0,98331,0.01,10
"['Drama', 'Family', 'Comedy']",46.267,2017-04-12,Gifted,2017,PG-13,4481414,101,Drama,7.6,100292,24.8,4
"['Comedy', 'Crime', 'Drama']",13.937,1973-12-25,The Sting,1973,PG,70735,129,"Comedy, Crime, Drama",8.3,242352,159.6,12
['Drama'],6.054,2004-08-07,Nobody Knows,2004,PG-13,408664,141,Drama,8.1,25026,0.68,8
"['Crime', 'Thriller']",10.504,1954-05-29,Dial M for Murder,1954,PG,46912,105,"Crime, Thriller",8.2,159086,0.01,5
"['Comedy', 'Drama']",25.169,2014-02-26,The Grand Budapest Hotel,2014,R,2278388,99,"Adventure, Comedy, Crime",8.1,711445,59.1,2
['Drama'],20.571,1999-09-15,American Beauty,1999,R,169547,122,Drama,8.3,1073105,130.1,9
"['Music', 'Drama', 'History']",69.562,2018-10-24,Bohemian Rhapsody,2018,PG-13,1727824,134,"Biography, Drama, Music",8.0,454332,216.43,10
['Western'],15.438,1965-05-10,For a Few Dollars More,1965,R,59578,132,Western,8.2,233719,15.0,5
"['History', 'Drama', 'Thriller', 'War']",32.652,2014-11-14,The Imitation Game,2014,PG-13,2084970,114,"Biography, Drama, Thriller",8.0,688286,91.13,11
"['Action', 'Thriller', 'Science Fiction']",40.962,1991-07-03,Terminator 2: Judgment Day,1991,R,103064,137,"Action, Sci-Fi",8.5,998638,204.84,7
"['Drama', 'Action']",11.547,2016-12-21,Dangal,2016,Not Rated,5074352,161,"Action, Biography, Drama",8.4,157650,12.39,12
"['Adventure', 'Drama', 'Western']",14.539,1948-01-15,The Treasure of the Sierra Madre,1948,Passed,40897,126,"Adventure, Drama, Western",8.2,114735,5.01,1
"['Adventure', 'Comedy', 'Drama']",12.362,1925-07-12,The Gold Rush,1925,Passed,15864,95,"Adventure, Comedy, Drama",8.2,101595,5.45,7
"['Crime', 'Drama', 'Thriller']",10.257,2000-10-06,Requiem for a Dream,2000,R,180093,102,Drama,8.3,769841,3.64,10
['Music'],15.14,1982-07-14,Pink Floyd: The Wall,1982,R,84503,95,"Drama, Fantasy, Music",8.1,76287,22.24,7
"['Drama', 'War']",14.718,1978-03-09,The Deer Hunter,1978,R,77416,183,"Drama, War",8.1,312645,48.98,3
"['Drama', 'History']",34.716,2016-12-10,Hidden Figures,2016,PG,4846340,127,"Biography, Drama, History",7.8,202017,169.61,12
"['Drama', 'War', 'Romance']",15.843,1939-12-15,Gone with the Wind,1939,Passed,31381,238,"Drama, History, Romance",8.1,291071,198.68,12
"['Drama', 'Thriller', 'Crime']",27.602,2013-09-18,Prisoners,2013,R,1392214,153,"Crime, Drama, Mystery",8.1,604471,61.0,9
['Drama'],8.912,1991-12-20,Raise the Red Lantern,1991,PG,101640,125,"Drama, History, Romance",8.1,29766,2.6,12
"['Drama', 'Comedy', 'Romance']",17.381,1994-07-14,Chungking Express,1994,PG-13,109424,102,"Comedy, Crime, Drama",8.1,63699,0.6,7
"['Drama', 'Mystery', 'Romance']",14.637,1994-05-27,Three Colors: Red,1994,R,111495,99,"Drama, Mystery, Romance",8.1,91380,4.04,5
"['Thriller', 'Mystery']",14.595,1949-08-31,The Third Man,1949,Approved,41959,93,"Film-Noir, Mystery, Thriller",8.1,159282,0.45,8
"['Music', 'Drama', 'History']",15.288,1984-09-06,Amadeus,1984,R,86879,160,"Biography, Drama, History",8.3,370295,51.97,9
"['Drama', 'Horror', 'Thriller']",9.909,1962-10-31,What Ever Happened to Baby Jane?,1962,Passed,56687,134,"Drama, Horror, Thriller",8.1,50256,4.05,10
"['Family', 'Animation', 'Fantasy']",16.276,2014-09-06,Song of the Sea,2014,PG,1865505,93,"Animation, Adventure, Drama",8.1,52056,0.86,9
"['Crime', 'Drama', 'Comedy']",82.85,2013-12-25,The Wolf of Wall Street,2013,R,993846,180,"Biography, Crime, Drama",8.2,1196714,116.9,12
"['Adventure', 'Fantasy']",127.979,2004-05-31,Harry Potter and the Prisoner of Azkaban,2004,PG,304141,142,"Adventure, Family, Fantasy",7.9,554899,249.36,5
"['Crime', 'Drama']",18.977,1995-11-22,Casino,1995,R,112641,178,"Crime, Drama",8.2,468468,42.44,11
"['Mystery', 'Thriller']",13.36,1959-07-08,North by Northwest,1959,Approved,53125,136,"Adventure, Mystery, Thriller",8.3,300245,13.28,7
"['Crime', 'Drama', 'Mystery']",13.282,2009-08-13,The Secret in Their Eyes,2009,R,1305806,129,"Drama, Mystery, Romance",8.2,194013,6.39,8
['Drama'],15.507,2008-12-09,Gran Torino,2008,R,1205489,116,Drama,8.1,722544,148.1,12
"['Horror', 'Mystery', 'Science Fiction']",33.304,1982-06-25,The Thing,1982,R,84787,109,"Horror, Mystery, Sci-Fi",8.1,372672,13.78,6
"['Horror', 'Science Fiction', 'Mystery', 'Thriller']",28.189,2011-10-12,The Thing,1982,R,84787,109,"Horror, Mystery, Sci-Fi",8.1,372672,13.78,10
"['Comedy', 'Drama']",8.745,1973-12-13,Amarcord,1973,R,71129,123,"Comedy, Drama, Family",7.9,40022,0.29,12
"['Drama', 'Crime']",15.78,1996-02-23,Trainspotting,1996,R,117951,93,Drama,8.1,636488,16.5,2
"['Animation', 'Drama']",29.638,2014-07-19,When Marnie Was There,2014,PG,3398268,103,"Animation, Drama, Family",7.7,33134,0.77,7
"['Comedy', 'Drama']",13.065,1939-10-19,Mr. Smith Goes to Washington,1939,Passed,31679,129,"Comedy, Drama",8.1,107336,9.6,10
"['Drama', 'History']",14.891,1980-11-14,Raging Bull,1980,R,81398,129,"Biography, Drama, Sport",8.2,323101,23.38,11
"['Drama', 'War', 'History']",10.569,1966-09-08,The Battle of Algiers,1966,Not Rated,58946,121,"Drama, War",8.1,53401,0.06,9
"['Drama', 'Action', 'History']",163.5,2019-11-13,Ford v Ferrari,2019,PG-13,1950186,152,"Action, Biography, Drama",8.1,295983,117.62,11
"['Adventure', 'Drama', 'History', 'Thriller', 'War']",12.594,1963-06-20,The Great Escape,1963,Approved,57115,172,"Adventure, Drama, History",8.2,225492,12.1,6
"['Adventure', 'Drama', 'History', 'War']",18.378,1962-12-11,Lawrence of Arabia,1962,Approved,56172,228,"Adventure, Biography, Drama",8.3,269092,44.82,12
"['Action', 'Crime']",31.683,2003-10-10,Kill Bill: Vol. 1,2003,R,266697,111,"Action, Crime, Drama",8.1,1004428,70.1,10
"['Crime', 'Drama', 'Thriller']",7.986,1955-08-26,The Night of the Hunter,1955,Not Rated,48424,92,"Crime, Drama, Film-Noir",8.0,82263,0.65,8
"['Adventure', 'Drama']",22.877,2016-07-02,Captain Fantastic,2016,R,3553976,118,"Comedy, Drama",7.9,190709,5.88,7
['Drama'],8.947,2011-03-15,A Separation,2011,PG-13,1832382,123,Drama,8.3,220984,7.1,3
"['Drama', 'Mystery', 'Thriller', 'Romance']",11.983,1940-03-23,Rebecca,1940,Approved,32976,130,"Drama, Mystery, Romance",8.1,124454,4.36,3
"['Romance', 'Drama', 'Mystery', 'Thriller']",17.329,2020-10-16,Rebecca,1940,Approved,32976,130,"Drama, Mystery, Romance",8.1,124454,4.36,10
['Drama'],18.532,2004-12-15,Million Dollar Baby,2004,PG-13,405159,132,"Drama, Sport",8.1,638134,100.49,12
['Drama'],9.503,1993-10-26,Farewell My Concubine,1993,R,106332,171,"Drama, Music, Romance",8.1,25209,5.22,10
"['Drama', 'History']",19.151,2013-11-17,Dallas Buyers Club,2013,R,790636,117,"Biography, Drama",8.0,443719,27.3,11
"['Drama', 'History']",18.186,2013-10-18,12 Years a Slave,2013,R,2024544,134,"Biography, Drama, History",8.1,643236,56.67,10
"['Drama', 'Comedy']",16.296,2009-12-23,3 Idiots,2009,PG-13,1187043,170,"Comedy, Drama",8.4,346126,6.53,12
"['Animation', 'Adventure', 'Family', 'Comedy']",101.768,1995-10-30,Toy Story,1995,G,114709,81,"Animation, Adventure, Comedy",8.3,891080,191.8,10
"['Drama', 'Romance']",56.837,2019-12-25,Little Women,2019,PG,3281548,135,"Drama, Romance",7.8,145776,108.1,12
"['Drama', 'Romance']",16.112,1994-12-21,Little Women,2019,PG,3281548,135,"Drama, Romance",7.8,145776,108.1,12
"['War', 'Drama', 'Action', 'Thriller']",85.852,2019-12-25,1917,2019,R,8579674,119,"Drama, Thriller, War",8.3,434617,159.23,12
"['Animation', 'Science Fiction', 'Action']",41.459,1988-07-16,Akira,1988,R,94625,124,"Animation, Action, Sci-Fi",8.0,165654,0.55,7
['Comedy'],14.251,1974-12-15,Young Frankenstein,1974,PG,72431,106,Comedy,8.0,143856,86.3,12
"['Drama', 'Romance']",16.436,1995-01-27,Before Sunrise,1995,R,112471,101,"Drama, Romance",8.1,273775,5.54,1
"['Crime', 'Drama', 'Mystery', 'Thriller']",16.826,1974-06-20,Chinatown,1974,R,71315,130,"Drama, Mystery, Thriller",8.1,295543,6.91,6
"['Drama', 'Crime']",33.871,2002-12-25,Catch Me If You Can,2002,PG-13,264464,141,"Biography, Crime, Drama",8.1,838146,164.62,12
"['Comedy', 'Romance', 'Drama', 'Music']",17.934,2016-03-11,Sing Street,2016,PG-13,3544112,106,"Comedy, Drama, Music",7.9,85475,3.24,3
"['Animation', 'Family', 'Adventure', 'Drama', 'Comedy']",59.148,2015-06-09,Inside Out,2015,PG,2096673,95,"Animation, Adventure, Comedy",8.1,620023,356.46,6
"['Action', 'Adventure', 'Drama', 'History', 'War']",8.068,2004-02-05,Tae Guk Gi: The Brotherhood of War,2004,R,386064,140,"Action, Drama, War",8.1,37885,1.11,2
['Western'],10.564,1959-03-17,Rio Bravo,1959,Passed,53221,141,"Action, Drama, Western",8.0,56480,12.54,3
"['Animation', 'Drama']",11.571,2007-06-27,Persepolis,2007,PG-13,808417,96,"Animation, Biography, Drama",8.0,88868,4.45,6
"['Drama', 'Family']",34.612,1997-08-01,Children of Heaven,1997,PG,118849,89,"Drama, Family, Sport",8.3,65782,0.93,8
"['Mystery', 'Thriller', 'Drama']",32.488,1999-08-06,The Sixth Sense,1999,PG-13,167404,107,"Drama, Mystery, Thriller",8.1,914124,293.51,8
"['Animation', 'Comedy', 'Family', 'Adventure']",61.239,2009-05-28,Up,2009,PG,1049413,96,"Animation, Adventure, Comedy",8.2,939436,293.0,5
"['Science Fiction', 'Drama', 'Thriller']",27.981,1982-06-25,Blade Runner,1982,R,83658,117,"Action, Sci-Fi, Thriller",8.1,696121,32.87,6
"['Action', 'Drama', 'History', 'War']",27.873,1995-05-24,Braveheart,1995,R,112573,178,"Biography, Drama, History",8.3,962084,75.6,5
"['Drama', 'Crime']",18.072,2000-05-17,Dancer in the Dark,2000,R,168629,140,"Crime, Drama, Musical",8.0,102608,4.18,5
"['Animation', 'Family', 'Adventure']",87.279,1998-06-18,Mulan,1998,G,120762,88,"Animation, Adventure, Family",7.6,257887,120.62,6
"['Adventure', 'Fantasy']",283.647,2020-09-04,Mulan,1998,G,120762,88,"Animation, Adventure, Family",7.6,257887,120.62,9
['Western'],19.871,1992-08-07,Unforgiven,1992,R,105695,130,"Drama, Western",8.2,377255,101.16,8
"['Action', 'Animation', 'Science Fiction']",25.931,1995-11-18,Ghost in the Shell,1995,TV-MA,113568,83,"Animation, Action, Crime",8.0,129812,0.52,11
"['Science Fiction', 'Action']",55.968,2017-03-29,Ghost in the Shell,1995,TV-MA,113568,83,"Animation, Action, Crime",8.0,129812,0.52,3
"['Crime', 'Drama']",12.03,1973-12-13,Papillon,1973,R,70511,151,"Biography, Crime, Drama",8.0,121899,53.27,12
"['Drama', 'History', 'Crime']",14.434,2017-09-07,Papillon,1973,R,70511,151,"Biography, Crime, Drama",8.0,121899,53.27,9
['Drama'],25.901,2006-12-14,The Pursuit of Happyness,2006,PG-13,454921,117,"Biography, Drama",8.0,450765,163.57,12
['Drama'],13.873,1993-12-12,In the Name of the Father,1993,R,107207,133,"Biography, Crime, Drama",8.1,157518,25.01,12
"['Crime', 'Drama', 'Thriller']",25.986,2007-11-08,No Country for Old Men,2007,R,477348,122,"Crime, Drama, Thriller",8.1,860889,74.28,11
"['Crime', 'Thriller']",9.058,1967-10-25,Le Samouraï,1967,GP,62229,101,"Crime, Drama, Mystery",8.1,45674,0.04,10
"['Drama', 'Crime']",16.2,2018-06-02,Shoplifters,2018,R,8075192,121,"Crime, Drama",7.9,63563,3.31,6
"['Action', 'Science Fiction', 'Adventure']",41.133,2014-07-30,Guardians of the Galaxy,2014,PG-13,2015381,121,"Action, Adventure, Comedy",8.0,1047165,333.18,7
"['Drama', 'History', 'Romance']",10.373,1959-06-10,Hiroshima Mon Amour,1959,Not Rated,52893,90,"Drama, Romance",7.9,28555,0.09,6
"['Comedy', 'Romance']",17.929,2001-04-25,Amélie,2001,R,211915,122,"Comedy, Romance",8.3,705929,33.23,4
"['Adventure', 'Animation', 'Fantasy']",21.993,1984-03-11,Nausicaä of the Valley of the Wind,1984,PG,87544,117,"Animation, Adventure, Fantasy",8.1,151788,0.5,3
"['Action', 'Thriller', 'Fantasy']",34.704,2006-02-23,V for Vendetta,2005,R,434409,132,"Action, Drama, Sci-Fi",8.2,1035933,70.51,2
"['Adventure', 'Action']",21.095,1981-06-12,Raiders of the Lost Ark,1981,PG,82971,115,"Action, Adventure",8.4,886818,248.16,6
"['Adventure', 'Science Fiction']",22.664,1993-06-11,Jurassic Park,1993,PG-13,107290,127,"Action, Adventure, Sci-Fi",8.1,870879,402.45,6
"['Drama', 'Romance']",19.528,2014-11-26,The Theory of Everything,2014,PG-13,2980516,123,"Biography, Drama, Romance",7.7,406150,35.89,11
"['Animation', 'Family', 'Adventure', 'Action', 'Science Fiction', 'Comedy']",53.238,1999-08-06,The Iron Giant,1999,PG,129167,86,"Animation, Action, Adventure",8.0,172640,23.16,8
"['Drama', 'Action', 'Crime']",8.037,1955-04-13,Rififi,1955,Not Rated,48021,118,"Crime, Drama, Thriller",8.1,29143,0.06,4
"['Crime', 'Drama', 'Mystery', 'Thriller']",12.16,1959-07-01,Anatomy of a Murder,1959,Not Rated,52561,161,"Crime, Drama, Mystery",8.0,60029,11.9,7
"['Comedy', 'Drama', 'Romance', 'Fantasy']",28.736,2013-09-04,About Time,2013,R,2194499,123,"Comedy, Drama, Fantasy",7.8,305297,15.32,9
"['Action', 'Thriller', 'Science Fiction']",25.004,1986-07-18,Aliens,1986,R,90605,137,"Action, Adventure, Sci-Fi",8.3,654722,85.16,7
"['Romance', 'Drama']",38.483,2004-06-25,The Notebook,2004,PG-13,332280,123,"Drama, Romance",7.8,522647,81.0,6
"['Mystery', 'Thriller', 'Drama']",40.999,2014-10-01,Gone Girl,2014,R,2267998,149,"Drama, Mystery, Thriller",8.1,864080,167.77,10
"['Animation', 'Drama']",7.458,2003-12-29,Tokyo Godfathers,2003,PG-13,388473,92,"Animation, Adventure, Comedy",7.8,31874,0.13,12
['Western'],15.883,1964-01-18,A Fistful of Dollars,1964,R,58461,99,"Action, Drama, Western",8.0,198921,14.5,1
"['Romance', 'Science Fiction', 'Drama']",27.774,2013-12-18,Her,2013,R,1798709,126,"Drama, Romance, Sci-Fi",8.0,543415,25.57,12
"['Crime', 'Drama', 'Thriller']",6.285,1960-02-08,The Virgin Spring,1960,Not Rated,53976,89,Drama,8.1,26799,1.53,2
"['Comedy', 'Crime', 'Drama']",10.584,1973-05-09,Paper Moon,1973,PG,70510,102,"Comedy, Crime, Drama",8.1,42412,30.93,5
"['Comedy', 'Drama', 'Romance', 'Music']",24.949,2016-11-29,La La Land,2016,PG-13,3783958,128,"Comedy, Drama, Music",8.0,509044,151.1,11
"['Crime', 'Drama', 'Thriller']",18.485,1996-03-08,Fargo,1996,R,116282,98,"Crime, Drama, Thriller",8.1,619854,24.61,3
"['Action', 'Crime', 'Drama', 'Thriller']",27.257,1995-12-15,Heat,1995,R,113277,170,"Crime, Drama, Thriller",8.2,579952,67.44,12
['Drama'],6.569,2015-06-17,Mustang,2015,PG-13,3966404,97,Drama,7.6,35921,0.85,6
"['Comedy', 'Romance']",13.125,1934-02-22,It Happened One Night,1934,Approved,25316,105,"Comedy, Romance",8.1,94465,4.36,2
"['Adventure', 'Comedy', 'Animation']",19.822,2018-03-23,Isle of Dogs,2018,PG-13,5104604,101,"Animation, Adventure, Comedy",7.9,140237,32.02,3
"['Crime', 'Drama', 'Thriller', 'Mystery']",10.097,2015-07-30,Drishyam,2015,Not Rated,4430212,163,"Crime, Drama, Mystery",8.2,71052,0.74,7
"['Science Fiction', 'Drama', 'Romance', 'Fantasy']",18.13,2009-11-06,Mr. Nobody,2009,R,485947,141,"Drama, Fantasy, Romance",7.8,217164,0.0,11
"['Drama', 'Romance', 'Crime', 'Mystery']",10.767,2013-01-01,The Best Offer,2013,R,1924396,131,"Crime, Drama, Mystery",7.8,108904,0.09,1
"['Drama', 'Fantasy', 'Romance']",9.728,1987-05-17,Wings of Desire,1987,PG-13,93191,128,"Drama, Fantasy, Romance",8.0,65061,3.33,5
"['Drama', 'Romance']",77.528,1997-11-18,Titanic,1997,PG-13,120338,194,"Drama, Romance",7.8,1050317,659.33,11
"['Comedy', 'Crime']",20.236,1998-03-06,The Big Lebowski,1998,R,118715,117,"Comedy, Crime, Sport",8.1,735148,17.5,3
"['Adventure', 'Drama', 'Western']",21.702,1990-03-30,Dances with Wolves,1990,PG-13,99348,181,"Adventure, Drama, Western",8.0,241089,184.21,3
"['Comedy', 'Crime', 'Drama']",68.279,2019-11-27,Knives Out,2019,PG-13,8946378,130,"Comedy, Crime, Drama",7.9,463611,165.36,11
"['Thriller', 'Drama', 'Mystery']",18.363,2001-06-06,Mulholland Drive,2001,R,166924,147,"Drama, Mystery, Thriller",7.9,323530,7.22,6
"['Drama', 'Romance']",21.152,2001-12-11,A Beautiful Mind,2001,PG-13,268978,135,"Biography, Drama",8.2,852524,170.74,12
"['Crime', 'Thriller']",12.735,1993-11-10,Carlito's Way,1993,R,106519,144,"Crime, Drama, Thriller",7.9,201664,36.95,11
['Drama'],11.457,2003-09-19,"Spring, Summer, Fall, Winter... and Spring",2003,R,374546,103,"Drama, Romance",8.0,77724,2.38,9
"['Drama', 'Thriller', 'Comedy']",13.645,2014-08-21,Wild Tales,2014,R,3011894,122,"Comedy, Drama, Thriller",8.1,178119,3.11,8
"['Thriller', 'Drama', 'Romance']",12.075,1946-08-21,Notorious,1946,Not Rated,38787,102,"Drama, Film-Noir, Romance",7.9,92566,10.46,8
"['Music', 'Drama', 'History']",15.185,2009-01-16,Notorious,1946,Not Rated,38787,102,"Drama, Film-Noir, Romance",7.9,92566,10.46,1
"['Action', 'Comedy', 'Drama']",6.466,2015-07-17,Bajrangi Bhaijaan,2015,Not Rated,3863552,163,"Action, Adventure, Comedy",8.0,72511,8.18,7
['Drama'],9.078,2008-09-13,Departures,2008,PG-13,1069238,130,"Drama, Music",8.1,48724,1.5,9
"['Drama', 'History', 'War']",14.024,1957-10-11,The Bridge on the River Kwai,1957,PG,50212,161,"Adventure, Drama, War",8.1,204166,44.91,10
"['Comedy', 'Drama', 'Romance']",14.959,1979-04-25,Manhattan,1979,R,79522,96,"Comedy, Drama, Romance",7.9,131724,45.7,4
"['Fantasy', 'Animation', 'Family']",50.279,1993-10-09,The Nightmare Before Christmas,1993,PG,107688,76,"Animation, Family, Fantasy",8.0,300917,75.08,10
['Drama'],7.299,2013-08-23,Short Term 12,2013,R,2370248,96,Drama,8.0,82089,1.01,8
"['Comedy', 'Drama', 'Romance']",7.993,1940-01-12,The Shop Around the Corner,1940,Not Rated,33045,99,"Comedy, Drama, Romance",8.1,28581,0.2,1
"['Adventure', 'Drama']",17.022,2007-09-11,Into the Wild,2007,R,758758,148,"Adventure, Biography, Drama",8.1,575139,18.35,9
['Drama'],12.335,1989-06-14,Do the Right Thing,1989,R,97216,120,"Comedy, Drama",8.0,90155,27.55,6
['Drama'],12.345,1940-03-15,The Grapes of Wrath,1940,Passed,32551,129,"Drama, History",8.0,85812,0.06,3
['Drama'],9.987,1985-12-18,The Color Purple,1985,PG-13,88939,154,Drama,7.8,78645,98.47,12
"['Drama', 'Thriller', 'History']",18.284,2015-11-06,Spotlight,2015,R,1895587,129,"Biography, Crime, Drama",8.1,422485,45.06,11
"['Drama', 'History', 'War']",13.666,2004-09-08,Downfall,2004,R,363163,156,"Biography, Drama, History",8.2,332381,5.51,9
"['Drama', 'Action']",48.016,2011-09-09,Warrior,2011,PG-13,1291584,140,"Action, Drama, Sport",8.2,437401,13.66,9
"['Drama', 'Romance']",18.632,2005-09-10,Brokeback Mountain,2005,R,388795,134,"Drama, Romance",7.7,324194,83.04,9
"['Fantasy', 'Drama', 'Mystery']",10.369,1982-12-17,Fanny and Alexander,1982,R,83922,188,Drama,8.1,57945,4.97,12
"['Drama', 'Romance', 'Crime']",21.869,2004-10-15,3-Iron,2004,R,423866,88,"Crime, Drama, Romance",8.0,50787,0.24,10
"['Crime', 'Drama', 'Thriller']",12.696,2003-05-19,Dogville,2003,R,276919,178,"Crime, Drama",8.0,138366,1.53,5
"['Drama', 'History', 'War']",6.169,2015-12-03,Land of Mine,2015,R,3841424,100,"Drama, History, War",7.8,35777,0.44,12
"['Animation', 'Family']",64.15,2003-05-30,Finding Nemo,2003,G,266543,100,"Animation, Adventure, Comedy",8.1,952766,380.84,5
['Drama'],49.098,2019-11-06,Marriage Story,2019,R,7653254,137,"Comedy, Drama, Romance",7.9,249440,2.0,11
"['Adventure', 'Comedy', 'Fantasy']",15.419,1975-05-25,Monty Python and the Holy Grail,1975,PG,71853,91,"Adventure, Comedy, Fantasy",8.2,502250,1.23,5
"['Comedy', 'Drama', 'Romance']",10.014,1977-04-19,Annie Hall,1977,PG,75686,93,"Comedy, Romance",8.0,252346,39.2,4
"['Crime', 'Drama', 'Thriller']",14.339,1975-09-21,Dog Day Afternoon,1975,R,72890,125,"Biography, Crime, Drama",8.0,236463,50.0,9
"['Drama', 'Romance']",12.134,2004-02-10,Before Sunset,2004,R,381681,80,"Drama, Romance",8.1,237492,5.82,2
"['Adventure', 'Fantasy', 'Family']",131.76,2005-11-16,Harry Potter and the Goblet of Fire,2005,PG-13,330373,157,"Adventure, Family, Fantasy",7.7,550963,290.01,11
"['Fantasy', 'Drama', 'Mystery']",25.57,2001-10-26,Donnie Darko,2001,R,246578,113,"Drama, Mystery, Sci-Fi",8.0,742114,1.48,10
"['Action', 'Drama', 'Science Fiction']",79.017,2017-02-28,Logan,2017,R,3315342,137,"Action, Drama, Sci-Fi",8.1,651202,226.28,2
"['History', 'Adventure', 'Drama']",38.949,1959-12-26,Ben-Hur,1959,G,52618,212,"Adventure, Drama, History",8.1,220164,74.7,12
"['History', 'Action', 'Adventure', 'Drama']",26.678,2016-08-17,Ben-Hur,1959,G,52618,212,"Adventure, Drama, History",8.1,220164,74.7,8
"['Animation', 'Comedy', 'Family']",107.198,2001-11-01,"Monsters, Inc.",2001,G,198781,92,"Animation, Adventure, Comedy",8.1,818683,289.92,11
['Drama'],13.39,1961-09-25,The Hustler,1961,Not Rated,54997,134,"Drama, Sport",8.0,75228,8.28,9
"['Drama', 'Action', 'Thriller', 'Crime', 'Mystery']",12.722,2002-12-12,Infernal Affairs,2002,R,338564,101,"Action, Crime, Drama",8.0,118062,0.17,12
['Drama'],12.78,1990-12-04,Awakenings,1990,PG-13,99077,121,"Biography, Drama",7.8,126018,52.1,12
"['Animation', 'Family', 'Comedy']",58.691,2010-06-16,Toy Story 3,2010,G,435761,103,"Animation, Adventure, Comedy",8.2,759809,415.0,6
"['Crime', 'Comedy']",20.609,2000-09-01,Snatch,2000,R,208092,102,"Comedy, Crime",8.3,784601,30.33,9
"['Crime', 'Thriller']",15.562,1958-03-30,Touch of Evil,1958,PG-13,52311,95,"Crime, Drama, Film-Noir",8.0,98629,2.24,3
"['Adventure', 'Fantasy']",91.808,2010-10-17,Harry Potter and the Deathly Hallows: Part 1,2010,PG-13,926084,146,"Adventure, Family, Fantasy",7.7,481336,295.98,10
"['Comedy', 'Drama', 'War']",9.117,1995-04-11,Underground,1995,Not Rated,114787,167,"Comedy, Drama, Fantasy",8.1,55352,0.17,4
"['Animation', 'War', 'History', 'Drama', 'Romance']",29.751,2013-07-20,The Wind Rises,2013,PG-13,2013293,126,"Animation, Biography, Drama",7.8,74251,5.21,7
"['Drama', 'Romance']",12.05,2012-07-01,Amour,2012,PG-13,1602620,127,"Drama, Romance",7.9,93427,6.74,7
"['Adventure', 'Fantasy', 'Drama']",16.096,2003-12-25,Big Fish,2003,PG-13,319061,125,"Adventure, Drama, Fantasy",8.0,416297,66.26,12
"['Animation', 'Drama', 'Mystery', 'Science Fiction', 'Thriller']",16.963,2006-10-01,Paprika,2006,R,851578,90,"Animation, Drama, Fantasy",7.7,71781,0.88,10
"['Comedy', 'Drama']",21.125,1985-02-15,The Breakfast Club,1985,R,88847,97,"Comedy, Drama",7.8,358204,45.88,2
"['Drama', 'War']",13.238,1930-04-29,All Quiet on the Western Front,1930,Passed,20629,152,"Drama, War",8.0,57437,3.27,4
"['Crime', 'Drama', 'Mystery', 'Thriller']",11.706,2009-05-28,Mother,2009,R,1216496,129,"Crime, Drama, Mystery",7.8,53346,0.55,5
"['Crime', 'Thriller', 'Comedy']",9.793,2018-10-05,Andhadhun,2018,Not Rated,8108198,139,"Crime, Drama, Music",8.3,72628,1.37,10
"['Crime', 'Thriller']",14.34,1997-09-19,L.A. Confidential,1997,R,119488,138,"Crime, Drama, Mystery",8.2,533825,64.62,9
"['Crime', 'Comedy', 'Drama']",12.198,1982-12-18,The King of Comedy,1982,PG,85794,109,"Comedy, Crime, Drama",7.8,89244,2.5,12
"['Fantasy', 'Adventure', 'Animation', 'Family']",48.218,2010-03-10,How to Train Your Dragon,2010,PG,892769,98,"Animation, Action, Adventure",8.1,669262,217.58,3
"['Music', 'Drama']",27.193,2015-08-13,Straight Outta Compton,2015,R,1398426,147,"Biography, Drama, History",7.8,179785,161.2,8
"['Crime', 'Drama']",16.834,1967-06-22,Cool Hand Luke,1967,GP,61512,127,"Crime, Drama",8.1,162599,16.22,6
"['Crime', 'Drama', 'History', 'Thriller']",20.991,1987-06-03,The Untouchables,1987,R,94226,119,"Crime, Drama, Thriller",7.9,283021,76.27,6
['Drama'],14.003,1988-12-11,Rain Man,1988,R,95953,133,Drama,8.0,474374,178.8,12
"['Drama', 'Romance']",8.46,1958-09-20,Cat on a Hot Tin Roof,1958,Not Rated,51459,108,Drama,8.0,45250,17.57,9
"['Thriller', 'Horror']",14.849,2010-08-12,I Saw the Devil,2010,Not Rated,1588170,144,"Action, Crime, Drama",7.8,111925,0.13,8
"['Mystery', 'Crime', 'Thriller']",12.708,1941-10-18,The Maltese Falcon,1941,Not Rated,33870,100,"Film-Noir, Mystery",8.0,149298,2.11,10
['Drama'],21.545,2012-09-20,The Perks of Being a Wallflower,2012,PG-13,1659337,103,"Drama, Romance",8.0,463965,17.74,9
['Drama'],13.223,1951-09-18,A Streetcar Named Desire,1951,PG,44081,122,Drama,8.0,99479,8.0,9
"['Animation', 'Science Fiction']",120.245,1973-12-01,Fantastic Planet,1973,PG,70544,72,"Animation, Sci-Fi",7.8,25543,0.19,12
"['Adventure', 'Family', 'Animation', 'Action', 'Comedy']",83.932,2014-10-24,Big Hero 6,2014,PG,2245084,102,"Animation, Action, Adventure",7.8,412390,222.53,10
['Drama'],18.582,1993-12-22,Philadelphia,1993,PG-13,107818,125,Drama,7.7,225005,77.32,12
"['Drama', 'Action']",26.666,1976-11-21,Rocky,1976,PG,75148,120,"Drama, Sport",8.1,520513,117.24,11
['Crime'],8.105,2000-08-31,Nine Queens,2000,R,247586,114,"Crime, Drama, Thriller",7.9,49856,1.22,8
"['Romance', 'Drama']",20.02,2010-08-06,Flipped,2010,PG,817177,90,"Comedy, Drama, Romance",7.7,81696,1.75,8
"['Music', 'Comedy', 'Action', 'Crime']",13.406,1980-06-16,The Blues Brothers,1980,R,80455,133,"Action, Adventure, Comedy",7.9,183777,57.23,6
"['Animation', 'Adventure', 'Family', 'Comedy']",59.27,2016-02-11,Zootopia,2016,PG,2948356,108,"Animation, Adventure, Comedy",8.0,436017,341.27,2
"['Action', 'Crime', 'Drama', 'Thriller']",53.025,2012-07-16,The Dark Knight Rises,2012,PG-13,1345836,164,"Action, Adventure",8.4,1521749,448.14,7
['Drama'],7.545,2012-10-09,The Broken Circle Breakdown,2012,Not Rated,2024519,111,"Drama, Music, Romance",7.7,39473,0.18,10
"['Thriller', 'Crime', 'Drama', 'Mystery']",19.405,2003-01-01,Mystic River,2003,R,327056,138,"Crime, Drama, Mystery",7.9,420612,90.14,1
['Drama'],12.257,1993-09-08,Three Colors: Blue,1993,R,108394,94,"Drama, Music, Mystery",7.9,90435,1.32,9
"['Adventure', 'Comedy', 'Drama']",11.791,2016-03-31,Hunt for the Wilderpeople,2016,PG-13,4698684,101,"Adventure, Comedy, Drama",7.9,112324,5.2,3
"['Drama', 'Romance']",16.198,2008-05-12,Slumdog Millionaire,2008,R,1010048,120,"Drama, Romance",8.0,800749,141.32,5
"['Drama', 'Thriller']",15.679,1990-11-30,Misery,1990,R,100157,107,"Drama, Thriller",7.8,185542,61.28,11
['Drama'],8.249,1973-11-29,The Holy Mountain,1973,R,71615,114,"Adventure, Drama, Fantasy",7.9,37468,0.06,11
"['Crime', 'Thriller']",11.136,1951-06-27,Strangers on a Train,1951,PG,44079,101,"Crime, Film-Noir, Thriller",7.9,123640,7.63,6
"['Fantasy', 'Drama', 'War']",26.88,2006-08-25,Pan's Labyrinth,2006,R,457430,118,"Drama, Fantasy, War",8.2,620556,37.63,8
"['Drama', 'History']",13.655,2010-09-06,The King's Speech,2010,R,1504320,118,"Biography, Drama, History",8.0,641448,138.8,9
"['Crime', 'Drama', 'Mystery', 'Western']",24.417,2015-12-25,The Hateful Eight,2015,R,3460252,168,"Crime, Drama, Mystery",7.8,520099,54.12,12
['Drama'],15.628,1999-10-15,The Straight Story,1999,G,166896,112,"Biography, Drama",8.0,82375,6.2,10
"['Drama', 'War', 'Action']",19.41,1986-12-19,Platoon,1986,R,91763,120,"Drama, War",8.1,382482,138.53,12
['Drama'],13.886,2016-10-21,"I, Daniel Blake",2016,R,5168192,100,Drama,7.9,54157,0.26,10
"['Animation', 'Family', 'Fantasy']",88.634,2009-02-05,Coraline,2009,PG,327597,100,"Animation, Drama, Family",7.7,198443,75.29,2
"['Animation', 'Comedy', 'Family', 'Fantasy']",83.24,2007-06-22,Ratatouille,2007,G,382932,111,"Animation, Adventure, Comedy",8.0,644215,206.45,6
"['Drama', 'Crime']",15.309,1993-09-14,A Bronx Tale,1993,R,106489,121,"Crime, Drama, Romance",7.8,128665,17.27,9
"['Drama', 'Thriller', 'Horror']",6.576,1976-05-26,The Tenant,1976,R,74811,126,"Drama, Thriller",7.7,40064,1.92,5
"['Adventure', 'Animation', 'Comedy', 'Family']",18.99,2009-10-23,Fantastic Mr. Fox,2009,PG,432283,87,"Animation, Adventure, Comedy",7.9,201051,21.0,10
"['Crime', 'Drama', 'Mystery', 'Thriller']",12.382,1967-08-02,In the Heat of the Night,1967,Approved,61811,110,"Crime, Drama, Mystery",7.9,68075,24.38,8
['Drama'],15.694,1999-12-10,Magnolia,1999,R,175880,188,Drama,8.0,290567,22.46,12
"['Drama', 'Romance']",9.144,1971-11-03,Fiddler on the Roof,1971,G,67093,181,"Drama, Family, Musical",8.0,39629,80.5,11
"['Drama', 'History', 'Mystery', 'Thriller']",12.219,1976-04-04,All the President's Men,1976,PG,74119,138,"Biography, Drama, History",7.9,103676,70.6,4
"['Comedy', 'Drama']",8.882,2014-12-18,PK,2014,Not Rated,2338151,153,"Comedy, Drama, Musical",8.1,163763,10.62,12
"['Drama', 'War']",9.827,2013-10-16,Tangerines,2013,Not Rated,2991224,87,"Drama, War",8.2,40862,0.14,10
"['Action', 'Thriller']",27.105,1988-07-15,Die Hard,1988,R,95016,132,"Action, Thriller",8.2,795435,83.01,7
['Drama'],7.006,1970-10-21,The Conformist,1970,R,65571,113,Drama,8.0,27251,0.54,10
"['Drama', 'Comedy']",11.497,1991-12-27,Fried Green Tomatoes,1991,PG-13,101921,130,Drama,7.7,67170,82.42,12
"['Comedy', 'Mystery', 'Romance', 'Thriller']",9.735,1963-12-05,Charade,1963,Passed,56923,113,"Comedy, Mystery, Romance",7.9,69112,13.47,12
"['Drama', 'Crime']",14.048,1960-03-16,Breathless,1960,Not Rated,53472,90,"Crime, Drama",7.8,73541,0.34,3
"['Fantasy', 'Drama', 'Romance']",26.074,1990-12-05,Edward Scissorhands,1990,PG-13,99487,105,"Drama, Fantasy, Romance",7.9,448672,56.36,12
['Drama'],12.17,1992-12-23,Scent of a Woman,1992,R,105323,156,Drama,8.0,265309,63.9,12
"['Adventure', 'Fantasy']",104.007,2009-07-07,Harry Potter and the Half-Blood Prince,2009,PG,417741,153,"Action, Adventure, Family",7.6,477024,301.96,7
"['Animation', 'Family']",62.695,2008-07-19,Ponyo,2008,G,876563,101,"Animation, Adventure, Comedy",7.7,126134,15.09,7
['Drama'],21.629,2004-03-17,The Chorus,2004,PG-13,372824,97,"Drama, Music",7.9,57599,3.64,3
"['Drama', 'History', 'War']",14.144,2004-03-04,Hotel Rwanda,2004,PG-13,395169,121,"Biography, Drama, History",8.1,335236,23.53,3
"['Drama', 'History']",35.366,1956-10-05,The Ten Commandments,1956,G,49833,220,"Adventure, Drama",7.9,63730,93.74,10
"['Drama', 'Action']",21.818,2013-09-02,Rush,2013,R,1979320,123,"Action, Biography, Drama",8.1,434359,26.95,9
"['Comedy', 'Drama', 'Romance']",13.008,2012-05-24,Moonrise Kingdom,2012,PG-13,1748122,94,"Comedy, Drama, Romance",7.8,319952,45.51,5
"['Comedy', 'Drama']",12.579,1999-04-19,All About My Mother,1999,R,185125,101,Drama,7.8,89377,8.26,4
"['Drama', 'Family', 'Music', 'Romance']",13.465,1965-03-29,The Sound of Music,1965,G,59742,172,"Biography, Drama, Family",8.0,207723,163.21,3
"['Adventure', 'Western']",14.102,1969-06-17,The Wild Bunch,1969,R,65214,135,"Action, Adventure, Western",7.9,77570,12.06,6
['Drama'],12.306,1998-06-19,The Celebration,1998,R,154420,105,Drama,8.0,78674,1.65,6
"['Comedy', 'Music', 'Drama']",11.868,2001-07-20,Hedwig and the Angry Inch,2001,R,248845,95,"Comedy, Drama, Music",7.7,32022,3.03,7
"['Mystery', 'Thriller', 'Crime']",8.292,1972-12-10,Sleuth,1972,PG,69281,138,"Mystery, Thriller",8.0,44842,4.08,12
"['Drama', 'Thriller', 'Mystery']",13.66,2007-10-12,Sleuth,1972,PG,69281,138,"Mystery, Thriller",8.0,44842,4.08,10
"['Crime', 'Mystery', 'Thriller']",12.413,1986-09-19,Blue Velvet,1986,R,90756,120,"Drama, Mystery, Thriller",7.7,182065,8.55,9
"['Action', 'Thriller', 'Crime']",17.352,2010-08-04,The Man from Nowhere,2010,R,1527788,119,"Action, Crime, Drama",7.8,63158,0.01,8
['Drama'],7.101,2014-06-13,Winter Sleep,2014,Not Rated,2758880,196,Drama,8.1,46852,0.17,6
"['Animation', 'Adventure', 'Family']",104.916,2016-08-18,Kubo and the Two Strings,2016,PG,4302938,101,"Animation, Action, Adventure",7.8,118434,48.02,8
"['Science Fiction', 'Action', 'Adventure']",136.114,2012-04-25,The Avengers,2012,PG-13,848228,143,"Action, Adventure, Sci-Fi",8.0,1264481,623.28,4
"['Comedy', 'Science Fiction']",13.037,1985-02-20,Brazil,1985,R,88846,132,"Drama, Sci-Fi",7.9,188061,9.93,2
"['Fantasy', 'Action', 'Adventure', 'Animation', 'Comedy', 'Family']",59.925,2014-06-09,How to Train Your Dragon 2,2014,PG,1646971,102,"Animation, Action, Adventure",7.8,306626,177.0,6
['Horror'],64.697,1973-05-31,The Exorcist,1973,R,70047,122,Horror,8.0,363161,232.91,5
"['Comedy', 'Drama']",15.533,1967-12-21,The Graduate,1967,PG,61722,106,"Comedy, Drama, Romance",8.0,254430,104.95,12
"['Horror', 'Thriller']",16.427,1968-10-04,Night of the Living Dead,1968,Not Rated,63350,96,"Horror, Thriller",7.9,116897,0.09,10
['Horror'],42.619,1990-10-19,Night of the Living Dead,1968,Not Rated,63350,96,"Horror, Thriller",7.9,116897,0.09,10
"['Crime', 'Drama', 'Mystery', 'Thriller']",15.695,1996-03-06,Primal Fear,1996,R,117381,129,"Crime, Drama, Mystery",7.7,190641,56.12,3
['Drama'],7.471,1971-10-03,The Last Picture Show,1971,R,67328,118,"Drama, Romance",8.0,42764,29.13,10
"['Comedy', 'Drama']",12.3,1979-12-19,Being There,1979,PG,78841,130,"Comedy, Drama",8.0,65837,30.18,12
"['Crime', 'Mystery', 'Thriller']",11.21,1946-08-23,The Big Sleep,1946,Passed,38355,114,"Crime, Film-Noir, Mystery",7.9,78982,6.54,8
"['Action', 'Crime', 'Drama']",52.391,2005-06-10,Batman Begins,2005,PG-13,372784,140,"Action, Adventure",8.2,1312835,206.85,6
"['Crime', 'Drama', 'Thriller']",33.442,2014-10-23,Nightcrawler,2014,R,2872718,117,"Crime, Drama, Thriller",7.9,469095,32.38,10
"['Action', 'Adventure', 'Science Fiction']",42.68,2014-03-20,Captain America: The Winter Soldier,2014,PG-13,1843866,136,"Action, Adventure, Sci-Fi",7.7,739484,259.77,3
"['Western', 'Thriller']",13.755,1952-06-09,High Noon,1952,PG,44706,85,"Drama, Thriller, Western",7.9,97474,9.45,6
"['Drama', 'Adventure', 'Science Fiction']",57.999,2015-09-30,The Martian,2015,PG-13,3659388,144,"Adventure, Drama, Sci-Fi",8.0,763233,228.43,9
"['Romance', 'Drama']",19.573,2017-09-01,God's Own Country,2017,Not Rated,5635086,104,"Drama, Romance",7.7,25442,0.34,9
"['Drama', 'History']",11.213,1925-12-24,Battleship Potemkin,1925,Not Rated,15648,66,"Drama, History, Thriller",8.0,53306,0.05,12
"['Crime', 'Drama', 'History']",35.653,2019-11-01,The Irishman,2019,R,1302006,209,"Biography, Crime, Drama",7.9,327815,7.0,11
"['Romance', 'Drama']",15.512,1993-12-17,What's Eating Gilbert Grape,1993,PG-13,108550,118,Drama,7.8,215925,9.17,12
['Drama'],10.305,1967-12-11,Guess Who's Coming to Dinner,1967,Approved,61735,108,"Comedy, Drama",7.8,39867,56.7,12
"['Drama', 'Romance']",20.536,1995-05-28,The Bridges of Madison County,1995,PG-13,112579,135,"Drama, Romance",7.6,73507,71.52,5
['Drama'],8.723,1945-11-29,The Lost Weekend,1945,Passed,37884,101,"Drama, Film-Noir",7.9,33642,9.46,11
"['Adventure', 'Fantasy', 'Drama']",14.671,2006-01-01,The Fall,2006,R,460791,117,"Adventure, Drama, Fantasy",7.9,107469,2.28,1
"['Crime', 'Drama']",8.372,1997-11-05,Fireworks,1997,--,119250,103,"Crime, Drama, Romance",7.8,27838,0.23,11
"['Action', 'Thriller']",17.986,1979-02-09,The Warriors,1979,R,80120,92,"Action, Crime, Thriller",7.6,94194,22.49,2
['Comedy'],11.62,1986-06-11,Ferris Bueller's Day Off,1986,PG-13,91042,103,Comedy,7.8,322298,70.14,6
"['Adventure', 'Drama']",21.098,2000-12-22,Cast Away,2000,PG-13,162222,143,"Adventure, Drama, Romance",7.8,526513,233.63,12
['Comedy'],7.499,1968-05-16,The Odd Couple,1968,G,63374,105,Comedy,7.7,31689,44.53,5
"['Action', 'Animation', 'Science Fiction']",11.536,2001-09-01,Cowboy Bebop: The Movie,2001,--,275277,115,"Animation, Action, Crime",7.9,43033,1.0,9
"['Thriller', 'Crime', 'Drama']",12.121,1988-12-08,Mississippi Burning,1988,R,95647,128,"Crime, Drama, History",7.8,88701,34.6,12
"['Drama', 'Romance']",15.947,2007-09-07,Atonement,2007,R,783233,123,"Drama, Mystery, Romance",7.8,252579,50.93,9
"['Comedy', 'Drama']",9.886,2006-07-26,Little Miss Sunshine,2006,R,449059,101,"Comedy, Drama",7.8,441013,59.89,7
"['Crime', 'Comedy', 'Action', 'Adventure']",62.85,2014-12-13,Kingsman: The Secret Service,2014,R,2802144,129,"Action, Adventure, Comedy",7.7,592071,128.26,12
"['Drama', 'Mystery']",9.882,1944-10-11,Laura,1944,Passed,37008,88,"Drama, Film-Noir, Mystery",8.0,42864,4.36,10
"['Drama', 'Thriller', 'History']",17.408,1991-12-20,JFK,1991,R,102138,189,"Drama, History, Thriller",8.0,142594,70.41,12
['Drama'],17.028,1997-10-07,Boogie Nights,1997,R,118749,155,Drama,7.9,240375,26.4,10
"['Animation', 'Comedy', 'Fantasy', 'Adventure']",124.756,2001-05-18,Shrek,2001,PG,126029,90,"Animation, Adventure, Comedy",7.8,615691,267.67,5
['Action'],82.635,2017-04-19,Guardians of the Galaxy Vol. 2,2017,PG-13,3896198,136,"Action, Adventure, Comedy",7.6,573181,389.81,4
"['Action', 'Adventure', 'War']",12.923,1967-06-15,The Dirty Dozen,1967,Not Rated,61578,150,"Action, Adventure, War",7.7,67338,45.3,6
"['Action', 'Crime', 'Thriller']",20.954,2014-03-27,The Raid 2,2014,R,2265171,150,"Action, Crime, Thriller",8.0,114597,2.63,3
"['Adventure', 'Family', 'Fantasy', 'Comedy', 'Romance']",14.557,1987-09-25,The Princess Bride,1987,PG,93779,98,"Adventure, Family, Fantasy",8.0,395093,30.86,9
"['Drama', 'Romance', 'Music']",13.647,1964-10-21,My Fair Lady,1964,G,58385,170,"Drama, Family, Musical",7.8,86808,72.0,10
"['Animation', 'Family', 'Adventure', 'Fantasy', 'Romance']",54.919,1992-11-25,Aladdin,1992,G,103639,90,"Animation, Adventure, Comedy",8.0,374928,217.35,11
"['Adventure', 'Fantasy', 'Romance', 'Family']",78.966,2019-05-22,Aladdin,1992,G,103639,90,"Animation, Adventure, Comedy",8.0,374928,217.35,5
"['Western', 'Drama', 'Crime']",14.386,1969-09-23,Butch Cassidy and the Sundance Kid,1969,PG,64115,110,"Biography, Crime, Drama",8.0,202315,102.31,9
"['Horror', 'Thriller', 'Adventure']",37.152,1975-06-18,Jaws,1975,PG,73195,124,"Adventure, Thriller",8.0,544675,260.0,6
"['Drama', 'Family', 'Fantasy']",17.067,1995-05-10,A Little Princess,1995,G,113670,97,"Drama, Family, Fantasy",7.7,32343,10.02,5
"['Drama', 'Mystery', 'Fantasy']",7.432,1991-05-15,The Double Life of Véronique,1991,R,101765,98,"Drama, Fantasy, Music",7.8,42692,2.0,5
"['Science Fiction', 'Adventure', 'Drama', 'Action']",17.826,1968-02-07,Planet of the Apes,1968,G,63442,112,"Adventure, Sci-Fi",8.0,165487,33.4,2
"['Thriller', 'Science Fiction', 'Action', 'Adventure']",25.801,2001-07-25,Planet of the Apes,1968,G,63442,112,"Adventure, Sci-Fi",8.0,165487,33.4,7
"['Drama', 'History']",9.816,1987-05-27,The Last Emperor,1987,PG-13,93389,163,"Biography, Drama, History",7.7,94780,43.98,5
"['Drama', 'Thriller', 'Horror']",22.986,2010-12-03,Black Swan,2010,R,947798,108,"Drama, Thriller",8.0,701801,106.95,12
['Drama'],38.768,2009-11-20,The Blind Side,2009,PG-13,878804,129,"Biography, Drama, Sport",7.6,294479,255.96,11
"['Comedy', 'Crime']",6.119,1997-02-20,Knockin' on Heaven's Door,1997,Not Rated,119472,87,"Action, Crime, Comedy",8.0,27810,0.0,2
['Drama'],14.003,2008-10-24,"Synecdoche, New York",2008,R,383028,124,Drama,7.6,83581,3.08,10
"['Adventure', 'Drama', 'Horror']",20.258,1933-03-15,King Kong,1933,Passed,24216,100,"Adventure, Horror, Sci-Fi",7.9,79280,10.0,3
"['Adventure', 'Drama', 'Action']",91.05,2005-12-12,King Kong,1933,Passed,24216,100,"Adventure, Horror, Sci-Fi",7.9,79280,10.0,12
"['Adventure', 'Drama', 'Horror']",24.935,1976-09-08,King Kong,1933,Passed,24216,100,"Adventure, Horror, Sci-Fi",7.9,79280,10.0,9
['Drama'],13.326,2007-05-23,The Diving Bell and the Butterfly,2007,PG-13,401383,112,"Biography, Drama",8.0,103476,5.99,5
"['Drama', 'Thriller', 'Mystery']",17.902,1997-01-15,Lost Highway,1997,R,116922,134,"Mystery, Thriller",7.6,131690,3.8,1
['Drama'],19.086,2008-12-18,Seven Pounds,2008,PG-13,814314,123,Drama,7.6,287376,69.95,12
"['Action', 'Science Fiction', 'Adventure']",85.144,2008-04-30,Iron Man,2008,PG-13,371746,126,"Action, Adventure, Sci-Fi",7.9,943286,318.41,4
"['Romance', 'Drama']",30.313,2014-05-16,The Fault in Our Stars,2014,PG-13,2582846,126,"Drama, Romance",7.7,345414,124.87,5
"['Adventure', 'Animation', 'Fantasy', 'Family']",22.655,2015-07-29,The Little Prince,2015,PG,1754656,108,"Animation, Adventure, Drama",7.7,56956,1.34,7
"['Drama', 'Thriller']",17.768,2000-06-16,Amores Perros,2000,R,245712,154,"Drama, Thriller",8.1,224396,5.38,6
"['Thriller', 'Mystery', 'Drama']",60.214,2018-08-24,Searching,2018,PG-13,7668870,102,"Drama, Mystery, Thriller",7.6,141781,26.02,8
['Drama'],20.054,2000-09-29,Remember the Titans,2000,PG,210945,113,"Biography, Drama, Sport",7.8,198809,115.65,9
"['Drama', 'Action', 'Thriller', 'Science Fiction']",19.277,2006-09-22,Children of Men,2006,R,206634,109,"Adventure, Drama, Sci-Fi",7.9,466232,35.55,9
"['Animation', 'Drama']",14.596,2001-10-19,Waking Life,2001,R,243017,99,"Animation, Drama, Fantasy",7.8,60828,2.89,10
"['Fantasy', 'Animation', 'Family']",22.154,2010-07-16,The Secret World of Arrietty,2010,G,1568921,94,"Animation, Adventure, Family",7.6,81480,19.2,7
"['Comedy', 'Drama']",14.388,1986-02-07,Hannah and Her Sisters,1986,PG-13,91167,107,"Comedy, Drama",7.9,67359,40.08,2
"['Drama', 'Crime']",6.79,2011-09-23,Once Upon a Time in Anatolia,2011,Not Rated,1827487,157,"Crime, Drama",7.9,42268,0.14,9
"['Crime', 'Drama']",10.967,2009-08-26,A Prophet,2009,R,1235166,155,"Crime, Drama",7.9,93771,2.08,8
"['Horror', 'Drama', 'Mystery', 'Thriller']",25.566,2001-08-02,The Others,2001,PG-13,230600,104,"Horror, Mystery, Thriller",7.6,338702,96.52,8
"['Drama', 'Action', 'History']",6.01,2001-09-08,No Man's Land,2001,R,283509,98,"Comedy, Drama, War",7.9,44779,1.06,9
"['Adventure', 'Animation', 'Comedy', 'Family', 'Fantasy', 'Drama']",103.426,2019-06-19,Toy Story 4,2019,G,1979376,100,"Animation, Adventure, Comedy",7.8,205233,434.04,6
"['Science Fiction', 'Drama']",16.621,2009-06-12,Moon,2009,R,1182345,97,"Drama, Mystery, Sci-Fi",7.9,335936,5.01,6
['Drama'],9.373,1980-09-19,Ordinary People,1980,R,81283,124,Drama,7.7,47295,54.8,9
"['Drama', 'Family']",12.092,1999-02-19,October Sky,1999,PG,132477,108,"Biography, Drama, Family",7.8,83121,32.48,2
"['Action', 'Thriller', 'Science Fiction']",38.691,1984-10-26,The Terminator,1984,R,88247,107,"Action, Sci-Fi",8.0,801360,38.4,10
"['Action', 'Adventure', 'Comedy']",99.478,2016-02-09,Deadpool,2016,R,1431045,108,"Action, Adventure, Comedy",8.0,906318,363.07,2
"['Crime', 'Drama', 'Mystery']",17.701,2008-01-30,Changeling,2008,R,824747,141,"Biography, Crime, Drama",7.7,239880,35.74,1
"['Crime', 'Drama', 'Mystery']",14.126,1974-04-07,The Conversation,1974,PG,71360,113,"Drama, Mystery, Thriller",7.8,99195,4.42,4
"['Drama', 'Comedy', 'Music']",16.425,2000-05-18,Billy Elliot,2000,R,249462,110,"Drama, Music",7.7,127130,22.0,5
['Comedy'],8.833,1972-09-15,The Discreet Charm of the Bourgeoisie,1972,PG,68361,102,Comedy,7.9,38922,0.2,9
['Drama'],10.858,2003-06-25,The Return,2003,Not Rated,376968,110,Drama,8.0,42584,0.5,6
"['Drama', 'Horror', 'Thriller']",13.371,2006-11-10,The Return,2003,Not Rated,376968,110,Drama,8.0,42584,0.5,11
"['Action', 'Science Fiction']",32.991,2014-05-27,Edge of Tomorrow,2014,PG-13,1631867,113,"Action, Adventure, Sci-Fi",7.9,602074,100.21,5
"['Mystery', 'Thriller', 'Horror']",31.026,2017-02-24,Get Out,2017,R,5052448,104,"Horror, Mystery, Thriller",7.7,495971,176.04,2
"['Comedy', 'Horror']",11.493,2014-06-19,What We Do in the Shadows,2014,R,3416742,86,"Comedy, Horror",7.7,158335,3.33,6
"['Comedy', 'Drama']",8.943,1989-10-13,Crimes and Misdemeanors,1989,PG-13,97123,104,"Comedy, Drama",7.9,54826,18.25,10
"['Drama', 'Comedy', 'Romance']",8.675,2011-07-15,Zindagi Na Milegi Dobara,2011,Not Rated,1562872,155,"Comedy, Drama",8.1,68148,3.11,7
"['Fantasy', 'Adventure', 'Action']",41.243,2013-12-11,The Hobbit: The Desolation of Smaug,2013,PG-13,1170358,161,"Adventure, Fantasy",7.8,603178,258.37,12
['Adventure'],23.34,2002-01-23,The Count of Monte Cristo,2002,PG-13,245844,131,"Action, Adventure, Drama",7.8,129332,54.23,1
"['Crime', 'Drama', 'History']",15.163,1973-12-05,Serpico,1973,R,70666,130,"Biography, Crime, Drama",7.7,110398,29.8,12
['Drama'],12.265,2004-09-03,The Sea Inside,2004,PG-13,369702,126,"Biography, Drama",8.0,77733,2.09,9
"['Adventure', 'Comedy', 'Family', 'Animation']",21.214,2016-11-23,Moana,2016,PG,3521164,107,"Animation, Adventure, Comedy",7.6,274563,248.76,11
['Western'],15.199,1960-04-14,The Magnificent Seven,1960,Approved,54047,128,"Action, Adventure, Western",7.7,87926,4.91,4
"['Adventure', 'Action', 'Western']",38.569,2016-09-14,The Magnificent Seven,1960,Approved,54047,128,"Action, Adventure, Western",7.7,87926,4.91,9
"['Drama', 'Science Fiction']",20.529,2015-01-16,Ex Machina,2014,R,470752,108,"Drama, Sci-Fi, Thriller",7.7,475952,25.44,1
"['Animation', 'Family']",61.926,2010-11-24,Tangled,2010,PG,398286,100,"Animation, Adventure, Comedy",7.7,407322,200.82,11
"['Comedy', 'Drama']",14.442,2015-06-12,Me and Earl and the Dying Girl,2015,PG-13,2582496,105,"Comedy, Drama",7.7,123614,6.74,6
['Drama'],13.14,2005-10-12,The World's Fastest Indian,2005,PG-13,412080,127,"Biography, Drama, Sport",7.8,52067,5.13,10
"['Horror', 'Thriller']",17.99,1978-10-24,Halloween,1978,R,77651,91,"Horror, Thriller",7.7,233786,47.0,10
['Horror'],36.622,2018-10-18,Halloween,1978,R,77651,91,"Horror, Thriller",7.7,233786,47.0,10
['Horror'],21.92,2007-08-31,Halloween,1978,R,77651,91,"Horror, Thriller",7.7,233786,47.0,8
"['Comedy', 'Family', 'Fantasy']",36.192,1964-08-27,Mary Poppins,1964,G,58331,139,"Comedy, Family, Fantasy",7.8,158578,102.27,8
"['Action', 'Adventure', 'Comedy', 'Fantasy', 'Science Fiction']",157.327,2017-10-25,Thor: Ragnarok,2017,PG-13,3501632,130,"Action, Adventure, Comedy",7.9,591822,315.06,10
"['Western', 'Action']",17.779,1993-12-25,Tombstone,1993,R,108358,130,"Action, Biography, Drama",7.8,127299,56.51,12
"['Drama', 'Crime']",19.849,2007-11-02,American Gangster,2007,R,765429,157,"Biography, Crime, Drama",7.8,393795,130.16,11
"['Adventure', 'Fantasy', 'Family']",44.047,1939-08-15,The Wizard of Oz,1939,PG,32138,102,"Adventure, Family, Fantasy",8.0,372010,2.08,8
"['Drama', 'Thriller', 'Mystery']",12.941,1997-09-12,The Game,1997,R,119174,129,"Drama, Mystery, Thriller",7.8,346409,48.32,9
"['Action', 'Thriller', 'Crime', 'Romance']",10.882,1993-09-09,True Romance,1993,R,108399,119,"Crime, Drama, Romance",7.9,207640,12.28,9
"['Drama', 'War']",12.991,2015-09-11,Beasts of No Nation,2015,Not Rated,1365050,137,"Drama, War",7.7,74306,0.08,9
"['Action', 'Drama', 'Thriller']",17.113,2013-10-10,Captain Phillips,2013,PG-13,1535109,134,"Adventure, Biography, Crime",7.8,422693,107.1,10
"['Horror', 'Comedy', 'Fantasy']",22.319,1987-03-13,Evil Dead II,1987,R,92991,84,"Action, Comedy, Fantasy",7.8,148703,5.92,3
"['Drama', 'History', 'War']",12.293,1962-09-25,The Longest Day,1962,G,56197,178,"Action, Drama, History",7.8,52221,39.1,9
"['Adventure', 'Drama', 'History', 'War']",16.98,1960-10-13,Spartacus,1960,PG-13,54331,197,"Adventure, Biography, Drama",7.9,124685,30.0,10
"['Romance', 'Fantasy', 'Drama', 'Comedy']",17.927,1993-02-11,Groundhog Day,1993,PG,107048,101,"Comedy, Fantasy, Romance",8.0,581574,70.91,2
"['Drama', 'Thriller', 'Crime']",26.243,2011-06-17,Drive,2011,R,780504,100,"Crime, Drama",7.8,573717,35.06,6
"['Drama', 'Thriller', 'Crime', 'Mystery']",12.91,2009-02-27,The Girl with the Dragon Tattoo,2011,R,1568346,158,"Crime, Drama, Mystery",7.8,424947,102.52,2
"['Drama', 'Thriller', 'Crime', 'Mystery']",12.91,2009-02-27,The Girl with the Dragon Tattoo,2009,R,1132620,152,"Crime, Drama, Mystery",7.8,209325,10.1,2
"['Thriller', 'Crime', 'Mystery', 'Drama']",20.814,2011-12-14,The Girl with the Dragon Tattoo,2011,R,1568346,158,"Crime, Drama, Mystery",7.8,424947,102.52,12
"['Thriller', 'Crime', 'Mystery', 'Drama']",20.814,2011-12-14,The Girl with the Dragon Tattoo,2009,R,1132620,152,"Crime, Drama, Mystery",7.8,209325,10.1,12
['Drama'],14.496,2007-09-26,Control,2007,R,421082,122,"Biography, Drama, Music",7.7,61739,0.87,9
"['Animation', 'Comedy', 'Family']",85.611,1999-10-30,Toy Story 2,1999,G,120363,92,"Animation, Adventure, Comedy",7.9,529319,245.85,10
['Drama'],12.281,1996-08-30,Sling Blade,1996,R,117666,135,Drama,8.0,87083,24.48,8
"['Action', 'Crime', 'Thriller']",12.65,1971-10-09,The French Connection,1971,R,67116,104,"Action, Crime, Drama",7.7,110510,15.63,10
"['Horror', 'Thriller', 'Drama']",9.836,1960-05-16,Peeping Tom,1960,Not Rated,54167,101,"Drama, Horror, Thriller",7.7,31469,0.08,5
"['Drama', 'Fantasy', 'Romance']",27.366,2008-12-25,The Curious Case of Benjamin Button,2008,PG-13,421715,166,"Drama, Fantasy, Romance",7.8,591468,127.51,12
"['Drama', 'Romance', 'War']",15.992,1965-12-22,Doctor Zhivago,1965,PG-13,59113,197,"Drama, Romance, War",8.0,70142,111.72,12
['Drama'],10.788,1979-12-19,Kramer vs. Kramer,1979,PG,79417,105,Drama,7.8,133886,106.26,12
['Drama'],13.631,2001-12-28,I Am Sam,2001,PG-13,277027,132,Drama,7.7,143159,40.31,12
"['Adventure', 'Comedy', 'Family']",28.663,1985-06-07,The Goonies,1985,PG,89218,114,"Adventure, Comedy, Family",7.8,245473,61.5,6
"['Comedy', 'Drama']",12.683,1991-12-12,Night on Earth,1991,R,102536,129,"Comedy, Drama",7.8,55582,2.02,12
"['Action', 'Thriller']",10.77,1973-05-15,The Day of the Jackal,1973,PG,69947,143,"Crime, Drama, Thriller",7.8,37620,16.06,5
"['Science Fiction', 'Thriller']",22.539,2004-01-22,The Butterfly Effect,2004,R,289879,113,"Drama, Sci-Fi, Thriller",7.6,452599,57.94,1
"['Drama', 'Horror', 'Science Fiction']",12.709,1935-04-20,The Bride of Frankenstein,1935,Not Rated,26138,75,"Drama, Horror, Sci-Fi",7.8,43673,4.36,4
"['Comedy', 'Drama']",11.299,2015-12-25,A Man Called Ove,2015,PG-13,4080728,116,"Comedy, Drama, Romance",7.7,47769,3.36,12
"['Crime', 'Drama', 'Thriller']",23.9,1996-10-18,Sleepers,1996,R,117665,147,"Crime, Drama, Thriller",7.6,187261,49.1,10
"['Action', 'Adventure', 'Animation', 'Family']",67.763,2018-06-14,Incredibles 2,2018,PG,3606756,118,"Animation, Action, Adventure",7.6,251753,608.58,6
"['Fantasy', 'Comedy', 'Romance']",13.871,2011-05-11,Midnight in Paris,2011,PG-13,1605783,94,"Comedy, Fantasy, Romance",7.7,389478,56.82,5
"['Music', 'Comedy']",10.813,1984-05-04,This Is Spinal Tap,1984,R,88258,82,"Comedy, Music",7.9,129162,0.19,5
['Drama'],5.055,2007-08-24,"4 Months, 3 Weeks and 2 Days",2007,Not Rated,1032846,113,Drama,7.9,56784,1.19,8
"['Thriller', 'Science Fiction', 'Mystery', 'Romance']",20.391,1997-09-07,Gattaca,1997,PG-13,119177,106,"Drama, Sci-Fi, Thriller",7.8,281579,12.34,9
"['Comedy', 'Drama']",11.42,2003-02-09,Good Bye Lenin!,2003,R,301357,121,"Comedy, Drama, Romance",7.7,138284,4.06,2
"['Crime', 'Drama', 'Thriller']",15.407,1997-02-27,Donnie Brasco,1997,R,119008,127,"Biography, Crime, Drama",7.7,280819,41.91,2
"['Crime', 'Action', 'Comedy']",17.377,2007-02-14,Hot Fuzz,2007,R,425112,121,"Action, Comedy, Mystery",7.8,464742,23.64,2
"['Romance', 'Drama', 'History']",12.584,2005-06-02,Cinderella Man,2005,PG-13,352248,144,"Biography, Drama, History",8.0,176588,61.65,6
"['Drama', 'Action', 'War', 'History']",26.275,2003-01-09,The Last Samurai,2003,R,325710,154,"Action, Drama",7.7,401185,111.11,1
['Drama'],12.784,1969-05-25,Midnight Cowboy,1969,R,64665,113,Drama,7.8,101437,44.79,5
['Drama'],26.918,1991-07-12,Boyz n the Hood,1991,R,101507,112,"Crime, Drama",7.8,126643,57.5,7
"['Horror', 'Comedy']",20.123,2004-04-09,Shaun of the Dead,2004,R,365748,99,"Comedy, Horror",7.9,513632,13.54,4
"['Drama', 'Science Fiction', 'Mystery']",47.282,2016-11-10,Arrival,2016,PG-13,2543164,116,"Drama, Sci-Fi",7.9,597137,100.55,11
['Drama'],15.628,2016-11-18,Manchester by the Sea,2016,R,4034228,137,Drama,7.8,248465,47.7,11
"['Drama', 'History']",14.18,1982-11-30,Gandhi,1982,PG,83987,191,"Biography, Drama, History",8.0,218110,52.77,11
['Drama'],15.005,2014-06-05,Boyhood,2014,R,1065073,165,Drama,7.9,336282,25.38,6
"['Drama', 'Thriller']",12.729,1997-12-19,Open Your Eyes,1997,R,125659,119,"Drama, Mystery, Sci-Fi",7.7,64230,0.37,12
"['Comedy', 'Drama', 'History']",9.946,1994-09-27,Ed Wood,1994,R,109707,127,"Biography, Comedy, Drama",7.8,165223,5.89,9
"['Action', 'Adventure', 'Fantasy', 'Science Fiction']",68.522,2014-05-15,X-Men: Days of Future Past,2014,PG-13,1877832,132,"Action, Adventure, Sci-Fi",7.9,661944,233.92,5
"['Drama', 'Thriller', 'Mystery']",28.563,2011-08-17,The Skin I Live In,2011,R,1189073,120,"Drama, Horror, Thriller",7.6,139536,3.19,8
['Drama'],13.755,2013-05-21,The Great Beauty,2013,Not Rated,2358891,141,Drama,7.8,81460,2.85,5
"['Comedy', 'Drama']",8.577,2003-11-27,Kal Ho Naa Ho,2003,Not Rated,347304,186,"Comedy, Drama, Musical",8.0,63612,1.79,11
"['Drama', 'War']",6.412,1987-10-07,Au Revoir les Enfants,1987,PG,92593,104,"Drama, War",8.0,31270,4.54,10
['Horror'],19.665,1963-03-28,The Birds,1963,PG-13,56869,119,"Drama, Horror, Mystery",7.7,172280,11.4,3
['Drama'],12.523,2004-05-20,Mysterious Skin,2004,Unrated,370986,105,Drama,7.6,66050,0.7,5
"['Drama', 'Thriller', 'Crime']",11.274,1990-09-21,Miller's Crossing,1990,R,100150,115,"Crime, Drama, Thriller",7.7,126136,5.08,9
"['Drama', 'Romance', 'Music']",38.889,2018-10-03,A Star Is Born,2018,R,1517451,136,"Drama, Music, Romance",7.6,337111,215.29,10
"['Thriller', 'Drama']",14.965,2004-02-09,The Machinist,2004,R,361862,101,"Drama, Thriller",7.7,359641,1.08,2
"['Drama', 'Thriller', 'Action']",31.211,2006-01-26,Blood Diamond,2006,R,450259,143,"Adventure, Drama, Thriller",8.0,501128,57.37,1
"['Comedy', 'Drama']",11.509,1998-10-16,Happiness,1998,Unrated,147612,134,"Comedy, Drama",7.7,66538,2.81,10
"['Action', 'Adventure', 'Drama', 'Thriller']",42.671,2006-12-07,Apocalypto,2006,R,472043,139,"Action, Adventure, Drama",7.8,291741,50.87,12
"['Action', 'Adventure', 'Science Fiction']",56.56,2015-05-13,Mad Max: Fury Road,2015,R,1392190,120,"Action, Adventure, Sci-Fi",8.1,886078,154.06,5
"['Action', 'Animation', 'Crime']",13.963,1993-12-25,Batman: Mask of the Phantasm,1993,PG,106364,76,"Animation, Action, Crime",7.8,43875,5.62,12
"['Action', 'Crime', 'Thriller']",14.953,1971-07-14,Dirty Harry,1971,R,66999,102,"Action, Crime, Thriller",7.7,143759,35.9,7
"['Drama', 'Crime']",5.624,2006-09-12,This Is England,2006,Not Rated,480025,101,"Crime, Drama",7.7,115835,0.33,9
"['Drama', 'History', 'War']",9.43,1984-11-02,The Killing Fields,1984,R,87553,141,"Biography, Drama, History",7.8,51774,34.7,11
"['Action', 'Comedy', 'Adventure']",124.492,2018-05-10,Deadpool 2,2018,R,5463162,119,"Action, Adventure, Comedy",7.7,482609,324.59,5
"['Drama', 'Romance']",13.165,2008-09-07,The Wrestler,2008,R,1125849,109,"Drama, Sport",7.9,289940,26.24,9
"['Horror', 'Drama']",10.197,2008-01-26,Let the Right One In,2008,R,1139797,114,"Crime, Drama, Fantasy",7.9,205995,2.12,1
"['Drama', 'History', 'War']",12.972,1987-12-09,Empire of the Sun,1987,PG,92965,153,"Action, Drama, History",7.7,116037,22.24,12
"['Drama', 'Thriller', 'Crime', 'Mystery']",14.397,2006-02-24,Lucky Number Slevin,2006,R,425210,110,"Action, Crime, Drama",7.7,299936,22.49,2
"['Science Fiction', 'Adventure', 'Family', 'Fantasy']",24.783,1982-06-11,E.T. the Extra-Terrestrial,1982,PG,83866,115,"Family, Sci-Fi",7.8,373646,435.11,6
"['Drama', 'History']",15.338,1992-11-18,Malcolm X,1992,PG-13,104797,202,"Biography, Drama, History",7.7,86352,48.17,11
['Western'],12.361,1976-07-14,The Outlaw Josey Wales,1976,PG,75029,135,Western,7.8,65868,31.8,7
"['Drama', 'Romance']",9.218,1967-05-24,Belle de Jour,1967,R,61395,100,"Drama, Romance",7.7,40447,0.03,5
"['Drama', 'Music', 'Romance']",15.213,2005-09-13,Walk the Line,2005,PG-13,358273,136,"Biography, Drama, Music",7.8,234879,119.52,9
"['Comedy', 'Drama']",13.683,2001-12-14,The Royal Tenenbaums,2001,R,265666,110,"Comedy, Drama",7.6,267694,52.36,12
['Drama'],9.147,1996-05-24,Secrets & Lies,1996,R,117589,136,"Comedy, Drama",8.0,37747,13.42,5
['Comedy'],9.603,1983-07-15,Zelig,1983,PG,86637,79,Comedy,7.7,39970,11.8,7
"['Comedy', 'Drama', 'Mystery']",11.487,1994-01-26,Three Colors: White,1994,R,111507,92,"Comedy, Drama, Romance",7.6,64852,1.46,1
"['Adventure', 'Fantasy', 'Action', 'Thriller', 'Science Fiction']",31.634,1997-05-02,The Fifth Element,1997,PG-13,119116,126,"Action, Adventure, Sci-Fi",7.7,435317,63.54,5
['Horror'],18.085,1978-09-02,Dawn of the Dead,1978,Unrated,77402,127,"Action, Adventure, Horror",7.9,111713,5.1,9
"['Action', 'Horror']",28.961,2004-03-19,Dawn of the Dead,1978,Unrated,77402,127,"Action, Adventure, Horror",7.9,111713,5.1,3
"['History', 'Drama']",11.703,1983-10-20,The Right Stuff,1983,PG,86197,193,"Adventure, Biography, Drama",7.8,56361,21.5,10
"['Drama', 'History']",9.421,1968-10-30,The Lion in Winter,1968,PG,63227,134,"Biography, Drama, History",7.9,29082,22.28,10
['Drama'],6.494,1994-09-02,Once Were Warriors,1994,R,110729,102,"Crime, Drama",7.9,31666,2.2,9
"['Western', 'Drama', 'Adventure']",40.934,2015-12-25,The Revenant,2015,R,1663202,156,"Action, Adventure, Drama",8.0,709085,183.64,12
"['Romance', 'Drama']",13.629,2013-04-05,Before Midnight,2013,R,2209418,109,"Drama, Romance",7.9,142191,8.11,4
"['Drama', 'Mystery']",8.942,2009-10-06,The White Ribbon,2009,R,1149362,144,"Drama, History, Mystery",7.8,68912,2.22,10
"['Adventure', 'Comedy', 'Family']",29.134,2017-11-09,Paddington 2,2017,PG,4468740,103,"Adventure, Comedy, Family",7.8,62103,40.44,11
"['Comedy', 'Family']",13.655,1993-04-07,The Sandlot,1993,PG,108037,101,"Comedy, Drama, Family",7.8,79225,32.42,4
"['Drama', 'Comedy', 'Crime']",8.484,2005-04-15,Adam's Apples,2005,R,418455,94,"Comedy, Crime, Drama",7.8,45885,0.0,4
"['Comedy', 'Drama']",14.364,1991-08-01,Barton Fink,1991,R,101410,116,"Comedy, Drama, Thriller",7.7,113545,6.15,8
['Drama'],15.077,2011-04-24,Detachment,2011,Not Rated,1683526,98,Drama,7.7,77347,0.07,4
"['Fantasy', 'Animation', 'Comedy', 'Crime', 'Family']",20.45,1988-06-21,Who Framed Roger Rabbit,1988,PG,96438,104,"Animation, Adventure, Comedy",7.7,182480,156.45,6
"['Drama', 'Music']",18.011,2000-09-15,Almost Famous,2000,R,181875,122,"Adventure, Comedy, Drama",7.9,253459,32.53,9
"['Action', 'Adventure', 'Science Fiction']",48.414,2016-12-14,Rogue One: A Star Wars Story,2016,PG-13,3748528,133,"Action, Adventure, Sci-Fi",7.8,558889,532.18,12
"['Drama', 'History', 'War']",8.629,1989-12-15,Glory,1989,R,97441,122,"Biography, Drama, History",7.8,123517,26.83,12
"['Family', 'Fantasy', 'Comedy']",39.29,1971-06-29,Willy Wonka & the Chocolate Factory,1971,G,67992,100,"Family, Fantasy, Musical",7.8,179345,4.0,6
"['Comedy', 'Drama', 'Crime']",13.062,2008-02-08,In Bruges,2008,R,780536,107,"Comedy, Crime, Drama",7.9,391378,7.76,2
"['Action', 'Drama', 'War']",16.207,2006-12-19,Letters from Iwo Jima,2006,R,498380,141,"Action, Adventure, Drama",7.9,154270,13.76,12
"['Adventure', 'Action', 'Thriller']",37.801,2006-11-14,Casino Royale,2006,PG-13,381061,144,"Action, Adventure, Thriller",8.0,583691,167.45,11
"['Adventure', 'Action', 'Comedy']",13.928,1967-04-23,Casino Royale,2006,PG-13,381061,144,"Action, Adventure, Thriller",8.0,583691,167.45,4
"['Drama', 'History', 'War']",14.511,1970-01-25,Patton,1970,GP,66206,172,"Biography, Drama, War",7.9,93939,61.7,1
"['Adventure', 'Action', 'Romance']",11.161,1938-05-13,The Adventures of Robin Hood,1938,PG,29843,102,"Action, Adventure, Romance",7.9,47291,3.98,5
"['Crime', 'Drama', 'Mystery', 'Thriller']",25.347,2007-03-02,Zodiac,2007,R,443706,157,"Crime, Drama, Mystery",7.7,469160,33.08,3
"['Drama', 'Romance']",12.968,1996-05-13,Breaking the Waves,1996,R,115751,159,Drama,7.8,62609,4.04,5
"['Drama', 'Comedy']",29.483,2014-08-27,Birdman or (The Unexpected Virtue of Ignorance),2014,R,2562232,119,"Comedy, Drama",7.7,582295,42.34,8
"['Drama', 'Music', 'Romance']",8.317,1972-02-13,Cabaret,1972,PG,68327,124,"Drama, Music, Musical",7.8,48507,42.77,2
['Drama'],11.562,2014-09-24,Leviathan,2014,R,2802154,140,"Crime, Drama",7.6,49601,1.09,9
"['Adventure', 'Horror', 'Action', 'Thriller', 'Science Fiction']",11.472,1989-03-17,Leviathan,2014,R,2802154,140,"Crime, Drama",7.6,49601,1.09,3
"['Drama', 'Thriller', 'War']",15.078,2006-09-01,Black Book,2006,R,389557,145,"Drama, Thriller, War",7.7,72793,4.4,9
"['Thriller', 'Crime', 'Drama', 'Mystery']",10.18,1973-03-07,The Long Goodbye,1973,R,70334,112,"Comedy, Crime, Drama",7.6,26465,0.96,3
"['Drama', 'Romance', 'Comedy']",7.236,2012-09-13,Barfi!,2012,Not Rated,2082197,151,"Comedy, Drama, Romance",8.1,75936,2.8,9
['Drama'],6.542,2002-09-12,The Magdalene Sisters,2002,R,318411,114,Drama,7.7,25990,4.89,9
"['Action', 'Adventure', 'Fantasy', 'Science Fiction']",84.792,2009-12-10,Avatar,2009,PG-13,499549,162,"Action, Adventure, Fantasy",7.8,1121733,760.51,12
"['Horror', 'History', 'Thriller']",8.435,1961-12-15,The Innocents,1961,Not Rated,55018,100,Horror,7.8,27109,2.62,12
"['Drama', 'History']",7.719,2016-02-10,The Innocents,1961,Not Rated,55018,100,Horror,7.8,27109,2.62,2
['Drama'],14.92,1992-12-11,A Few Good Men,1992,R,104257,138,"Drama, Thriller",7.7,236310,141.34,12
"['Comedy', 'Thriller', 'Drama']",12.177,1985-09-13,After Hours,1985,R,88680,97,"Comedy, Crime, Drama",7.7,60101,10.6,9
"['Drama', 'Romance']",14.532,1995-12-13,Sense and Sensibility,1995,PG,114388,136,"Drama, Romance",7.6,103063,43.18,12
"['Music', 'Comedy']",8.867,1964-07-07,A Hard Day's Night,1964,G,58182,87,"Comedy, Musical",7.6,40496,13.78,7
"['Science Fiction', 'Drama']",91.192,2017-10-04,Blade Runner 2049,2017,R,1856101,164,"Action, Drama, Mystery",8.0,464845,92.05,10
"['War', 'Action', 'Drama']",39.491,2017-07-19,Dunkirk,2017,PG-13,5013056,106,"Action, Drama, History",7.8,558627,188.37,7
"['Action', 'Crime']",51.533,2017-06-28,Baby Driver,2017,R,3890160,113,"Action, Crime, Drama",7.6,442137,107.83,6
"['Drama', 'Adventure']",13.486,2013-09-21,Nebraska,2013,R,1821549,115,"Adventure, Comedy, Drama",7.7,112608,17.65,9
['Drama'],11.348,2006-01-12,The Last King of Scotland,2006,R,455590,123,"Biography, Drama, History",7.7,175834,17.61,1
"['Drama', 'Thriller']",9.788,2001-03-07,The Experiment,2001,R,250258,120,"Drama, Thriller",7.7,90952,0.14,3
"['Thriller', 'Drama']",17.135,2010-07-15,The Experiment,2001,R,250258,120,"Drama, Thriller",7.7,90952,0.14,7
"['Comedy', 'Drama']",8.722,1987-06-19,Withnail & I,1987,R,94336,107,"Comedy, Drama",7.7,40521,1.54,6
"['Drama', 'Thriller', 'History']",11.267,1999-03-10,The Insider,1999,R,140352,157,"Biography, Drama, Thriller",7.8,160387,28.97,3
"['Science Fiction', 'Action', 'Adventure', 'Thriller']",37.142,1987-06-12,Predator,1987,R,93773,107,"Action, Adventure, Sci-Fi",7.8,372517,59.74,6
"['Comedy', 'Music']",6.927,1935-11-15,A Night at the Opera,1935,Passed,26778,96,"Comedy, Music, Musical",7.9,30637,2.54,11
"['Drama', 'Comedy']",8.026,1993-09-14,Naked,1993,Not Rated,107653,132,"Comedy, Drama",7.8,34789,1.77,9
['Comedy'],21.412,2017-08-11,Naked,1993,Not Rated,107653,132,"Comedy, Drama",7.8,34789,1.77,8
"['Action', 'Drama', 'Thriller']",10.27,2002-03-29,Sympathy for Mr. Vengeance,2002,R,310775,129,"Crime, Drama, Thriller",7.6,62876,0.05,3
['Drama'],10.613,1996-12-25,Hamlet,1996,PG-13,116477,242,Drama,7.7,36061,4.41,12
"['Drama', 'History']",9.648,1990-12-19,Hamlet,1996,PG-13,116477,242,Drama,7.7,36061,4.41,12
['Comedy'],9.401,1992-03-13,My Cousin Vinny,1992,R,104952,120,"Comedy, Crime",7.6,107735,52.93,3
"['Drama', 'Action']",16.862,2006-01-26,Fearless,2006,PG-13,446059,104,"Action, Biography, Drama",7.6,72957,24.63,1
"['Drama', 'Romance']",14.249,2001-06-08,Y Tu Mamá También,2001,R,245574,106,Drama,7.6,116151,13.62,6
"['Comedy', 'Drama']",14.001,1993-09-24,Dazed and Confused,1993,R,106677,102,Comedy,7.6,166243,7.99,9
"['Drama', 'History']",15.064,1995-06-30,Apollo 13,1995,PG,112384,140,"Adventure, Drama, History",7.6,270306,173.84,6
"['Adventure', 'Animation', 'Comedy', 'Family', 'Fantasy']",26.373,2014-02-06,The Lego Movie,2014,PG,1490017,100,"Animation, Action, Adventure",7.7,324655,257.76,2
"['Drama', 'Music']",15.662,2004-10-29,Ray,2004,PG-13,350258,152,"Biography, Drama, Music",7.7,138809,75.33,10
"['Drama', 'Thriller', 'Mystery']",17.896,1986-09-24,The Name of the Rose,1986,R,91605,130,"Crime, Drama, Mystery",7.7,102321,7.15,9
"['Drama', 'History', 'War']",16.755,1998-03-05,The Thin Red Line,1998,R,120863,170,"Drama, War",7.6,173275,36.4,3
"['Fantasy', 'Comedy', 'Romance']",7.296,1985-03-01,The Purple Rose of Cairo,1985,PG,89853,82,"Comedy, Fantasy, Romance",7.7,47214,10.63,3
"['Drama', 'Comedy', 'Romance']",10.652,2011-10-08,The Artist,2011,PG-13,1655442,100,"Comedy, Drama, Romance",7.9,231136,44.67,10
['Action'],15.562,1973-08-17,Enter the Dragon,1973,R,70034,102,"Action, Crime, Drama",7.7,96958,25.0,8
"['Comedy', 'Drama']",9.352,1998-12-11,Rushmore,1998,R,128445,93,"Comedy, Drama, Romance",7.7,169685,17.11,12
"['Action', 'Adventure', 'Science Fiction', 'Thriller']",11.273,1982-06-04,Star Trek II: The Wrath of Khan,1982,PG,84726,113,"Action, Adventure, Sci-Fi",7.7,112989,78.91,6
['Drama'],7.012,1982-12-08,The Verdict,1982,R,84855,129,Drama,7.7,36248,54.0,12
"['Western', 'Drama', 'Adventure']",8.622,1969-06-11,True Grit,2010,PG-13,1403865,110,"Drama, Western",7.6,312868,171.24,6
"['Drama', 'Adventure', 'Western']",11.84,2010-12-22,True Grit,2010,PG-13,1403865,110,"Drama, Western",7.6,312868,171.24,12
"['Comedy', 'Fantasy']",24.505,1984-06-08,Ghostbusters,1984,PG,87332,105,"Action, Comedy, Fantasy",7.8,356413,238.63,6
"['Action', 'Fantasy', 'Comedy']",47.729,2016-07-14,Ghostbusters,1984,PG,87332,105,"Action, Comedy, Fantasy",7.8,356413,238.63,7
"['Action', 'Crime', 'Drama', 'Thriller']",20.16,2001-10-05,Training Day,2001,R,139654,122,"Crime, Drama, Thriller",7.7,392180,76.63,10
"['Crime', 'Drama', 'Thriller']",17.995,2006-03-17,Inside Man,2006,R,454848,129,"Crime, Drama, Mystery",7.6,341397,88.51,3
"['Science Fiction', 'Action', 'Adventure']",33.31,2009-05-06,Star Trek,2009,PG-13,796366,127,"Action, Adventure, Sci-Fi",7.9,578198,257.73,5
['Drama'],17.803,1999-09-17,The Hurricane,1999,R,174856,146,"Biography, Drama, Sport",7.6,91835,50.67,9
"['Crime', 'Drama', 'Comedy']",11.676,1986-09-20,Down by Law,1986,R,90967,107,"Comedy, Crime, Drama",7.8,47991,1.44,9
"['Drama', 'Music', 'Romance']",11.448,2007-03-23,Once,2007,R,907657,86,"Drama, Music, Romance",7.8,110897,9.44,3
"['Crime', 'Drama', 'Mystery']",12.358,1992-09-15,Glengarry Glen Ross,1992,R,104348,100,"Crime, Drama, Mystery",7.7,96138,10.73,9
['Comedy'],12.824,1994-09-13,Clerks,1994,R,109445,92,Comedy,7.7,211762,3.15,9
"['Action', 'Drama', 'Thriller']",28.538,2004-04-23,Man on Fire,2004,R,328107,146,"Action, Crime, Drama",7.7,330624,77.91,4
"['Action', 'Drama', 'Mystery', 'Thriller']",25.257,2002-06-14,The Bourne Identity,2002,PG-13,258463,119,"Action, Mystery, Thriller",7.9,510160,121.66,6
"['Comedy', 'Romance', 'Drama']",16.253,1989-01-12,When Harry Met Sally...,1989,R,98635,95,"Comedy, Drama, Romance",7.6,196612,92.82,1
['Comedy'],15.115,1999-02-19,Office Space,1999,R,151804,89,Comedy,7.7,242263,10.82,2
"['Crime', 'Drama']",17.201,2001-04-04,Blow,2001,R,221027,124,"Biography, Crime, Drama",7.6,241367,52.99,4
"['Adventure', 'Drama', 'Comedy']",13.222,2019-08-09,The Peanut Butter Falcon,2019,PG-13,4364194,97,"Adventure, Comedy, Drama",7.6,67952,13.12,8
"['Comedy', 'Crime', 'Drama']",12.372,2002-12-06,Adaptation.,2002,R,268126,115,"Comedy, Drama",7.7,179124,22.25,12
"['Action', 'Adventure', 'Thriller', 'War']",31.812,1982-10-22,First Blood,1982,R,83944,93,"Action, Adventure",7.7,227289,47.21,10
['Drama'],6.949,1979-12-16,All That Jazz,1979,R,78754,123,"Drama, Music, Musical",7.9,28334,37.82,12
"['Crime', 'Thriller']",6.546,1967-10-26,Wait Until Dark,1967,Not Rated,62467,108,Thriller,7.8,27812,17.55,10
"['Thriller', 'Action', 'Crime']",23.724,2005-04-01,Sin City,2005,R,401792,124,"Crime, Thriller",8.0,739239,74.1,4
"['Drama', 'Action', 'Thriller']",22.938,1993-08-06,The Fugitive,1993,PG-13,106977,130,"Action, Crime, Drama",7.8,268497,183.88,8
['Drama'],11.794,2004-02-06,The Motorcycle Diaries,2004,R,318462,126,"Adventure, Biography, Drama",7.8,96893,16.76,2
"['Drama', 'History']",8.757,1966-12-12,A Man for All Seasons,1966,G,60665,120,"Biography, Drama, History",7.7,31346,28.35,12
"['Drama', 'Comedy']",10.485,2003-01-26,The Station Agent,2003,R,340377,89,"Comedy, Drama",7.6,67482,5.74,1
"['Crime', 'Drama', 'Mystery', 'Thriller']",17.307,2017-08-03,Wind River,2017,R,5362988,107,"Crime, Drama, Mystery",7.7,207679,33.8,8
"['Animation', 'Fantasy', 'Horror', 'Action']",15.09,2000-08-25,Vampire Hunter D: Bloodlust,2000,R,216651,103,"Animation, Action, Fantasy",7.7,29288,0.15,8
"['Comedy', 'Drama', 'Romance']",8.488,1940-01-18,His Girl Friday,1940,Passed,32599,92,"Comedy, Drama, Romance",7.9,53845,0.3,1
"['Animation', 'Family', 'Fantasy']",8.922,2009-02-09,The Secret of Kells,2009,Not Rated,485601,75,"Animation, Adventure, Family",7.6,31995,0.69,2
"['Drama', 'War', 'Romance', 'History']",7.453,2005-11-09,Joyeux Noel,2005,PG-13,424205,116,"Drama, History, Music",7.7,28046,1.05,11
"['Comedy', 'Drama', 'Fantasy']",13.949,1999-10-29,Being John Malkovich,1999,R,120601,113,"Comedy, Drama, Fantasy",7.7,313388,22.86,10
"['Adventure', 'Action', 'Science Fiction']",104.594,2016-04-27,Captain America: Civil War,2016,PG-13,3498820,147,"Action, Adventure, Sci-Fi",7.8,667295,408.08,4
"['Thriller', 'Crime']",27.538,2001-12-07,Ocean's Eleven,2001,PG-13,240772,116,"Crime, Thriller",7.7,518400,183.42,12
"['Comedy', 'Crime', 'Music', 'Thriller']",9.637,1960-08-10,Ocean's Eleven,2001,PG-13,240772,116,"Crime, Thriller",7.7,518400,183.42,8
['Drama'],13.285,2013-11-01,Philomena,2013,PG-13,2431286,98,"Biography, Comedy, Drama",7.6,94372,37.71,11
['Drama'],13.818,2017-10-06,The Florida Project,2017,R,5649144,111,Drama,7.6,95960,5.9,10
"['Romance', 'Comedy', 'Drama']",9.539,1952-07-21,The Quiet Man,1952,Passed,45061,129,"Comedy, Drama, Romance",7.7,34792,10.55,7
"['Drama', 'Romance', 'Comedy']",17.452,2003-09-18,Lost in Translation,2003,R,335266,102,"Comedy, Drama",7.7,416852,44.59,9
"['Crime', 'Drama', 'Thriller']",10.315,1984-09-07,Blood Simple,1984,R,86979,99,"Crime, Drama, Thriller",7.6,88096,2.15,9
"['Comedy', 'Romance']",15.894,1997-12-19,As Good as It Gets,1997,PG-13,119822,139,"Comedy, Drama, Romance",7.7,276625,148.48,12
"['Adventure', 'Comedy', 'War']",14.101,1970-06-22,Kelly's Heroes,1970,GP,65938,144,"Adventure, Comedy, War",7.6,45426,1.38,6
"['Animation', 'Family']",54.948,1940-11-13,Fantasia,1940,G,32455,125,"Animation, Family, Fantasy",7.7,88916,76.41,11
"['Horror', 'Mystery', 'Crime']",52.985,2004-10-01,Saw,2004,R,387564,103,"Horror, Mystery, Thriller",7.6,380061,56.0,10
"['Crime', 'Horror', 'Thriller']",15.94,2003-01-01,Saw,2004,R,387564,103,"Horror, Mystery, Thriller",7.6,380061,56.0,1
"['Science Fiction', 'Action', 'Adventure', 'Thriller']",12.437,2005-09-03,Serenity,2005,PG-13,379786,119,"Action, Adventure, Sci-Fi",7.8,283761,25.51,9
"['Thriller', 'Mystery', 'Drama']",20.112,2019-01-24,Serenity,2005,PG-13,379786,119,"Action, Adventure, Sci-Fi",7.8,283761,25.51,1
['Drama'],10.317,1996-08-15,Shine,1996,PG-13,117631,105,"Biography, Drama, Music",7.7,51460,35.81,8
"['Drama', 'Romance']",13.696,1993-11-05,The Remains of the Day,1993,PG,107943,134,"Drama, Romance",7.8,66361,22.95,11
"['Crime', 'Drama']",10.819,2002-12-16,25th Hour,2002,R,307901,135,Drama,7.6,170021,13.06,12
['Drama'],51.692,2015-11-25,Creed,2015,PG-13,3076658,133,"Drama, Sport",7.6,248465,109.77,11
"['Action', 'Adventure', 'Drama', 'History', 'Romance', 'War']",17.351,1992-09-25,The Last of the Mohicans,1992,R,104691,112,"Action, Adventure, Drama",7.7,151353,75.51,9
"['Action', 'Drama', 'Mystery', 'Thriller']",22.387,2007-08-03,The Bourne Ultimatum,2007,PG-13,440963,115,"Action, Mystery, Thriller",8.0,605672,227.47,8
"['Drama', 'Animation', 'Comedy']",10.12,2003-06-11,The Triplets of Belleville,2003,PG-13,286244,80,"Animation, Comedy, Drama",7.8,50688,7.0,6
"['Adventure', 'Romance']",12.582,1952-01-07,The African Queen,1951,PG,43265,105,"Adventure, Drama, Romance",7.7,71711,0.54,1
"['Action', 'Adventure']",79.879,2018-07-13,Mission: Impossible - Fallout,2018,PG-13,4912910,147,"Action, Adventure, Thriller",7.7,292713,220.16,7
"['Drama', 'War', 'History']",40.705,2001-03-14,Enemy at the Gates,2001,R,215750,131,"Drama, History, War",7.6,244436,51.4,3
"['Comedy', 'Drama', 'Family']",9.21,1947-06-11,Miracle on 34th Street,1947,Not Rated,39628,96,"Comedy, Drama, Family",7.9,41731,2.65,6
"['Fantasy', 'Drama', 'Family']",10.583,1994-11-18,Miracle on 34th Street,1947,Not Rated,39628,96,"Comedy, Drama, Family",7.9,41731,2.65,11
"['Adventure', 'Drama', 'Action']",28.912,2012-11-20,Life of Pi,2012,PG,454876,127,"Adventure, Drama, Fantasy",7.9,582482,124.99,11
"['Thriller', 'Crime', 'Mystery']",15.113,2007-09-14,Eastern Promises,2007,R,765443,100,"Action, Crime, Drama",7.6,228461,17.11,9
"['Science Fiction', 'Drama']",16.981,1977-11-18,Close Encounters of the Third Kind,1977,PG,75860,138,"Drama, Sci-Fi",7.6,185570,132.09,11
['Drama'],15.067,2010-12-17,The Fighter,2010,R,964517,116,"Biography, Drama, Sport",7.8,341821,93.62,12
['Science Fiction'],23.014,2009-08-05,District 9,2009,R,1136608,112,"Action, Sci-Fi, Thriller",7.9,639406,115.65,8
"['Crime', 'Drama', 'Thriller']",14.262,2002-07-12,Road to Perdition,2002,R,257044,117,"Crime, Drama, Thriller",7.7,247644,104.45,7
"['Action', 'Thriller']",46.706,2008-02-18,Taken,2008,PG-13,936501,90,"Action, Thriller",7.8,565869,145.0,2
"['Adventure', 'Drama', 'Action', 'Romance']",15.801,2000-07-06,"Crouching Tiger, Hidden Dragon",2000,PG-13,190332,120,"Action, Adventure, Fantasy",7.8,253875,128.08,7
"['Adventure', 'Romance', 'Drama']",8.886,2001-06-15,Lagaan: Once Upon a Time in India,2001,PG,169102,224,"Drama, Musical, Sport",8.1,105356,0.07,6
"['Animation', 'Family', 'Fantasy']",74.355,1989-11-17,The Little Mermaid,1989,G,97757,83,"Animation, Family, Fantasy",7.6,238537,111.54,11
"['Adventure', 'Action', 'Thriller']",20.316,1964-09-20,Goldfinger,1964,PG,58150,110,"Action, Adventure, Thriller",7.7,174686,51.08,9
"['Drama', 'Thriller', 'Crime', 'Romance']",15.159,2005-10-26,Match Point,2005,R,416320,124,"Drama, Romance, Thriller",7.6,206754,23.09,10
"['Action', 'Crime', 'Thriller']",38.677,2015-09-17,Sicario,2015,R,3397884,121,"Action, Crime, Drama",7.6,373067,46.89,9
"['Music', 'Comedy', 'Family', 'Fantasy', 'Drama']",9.606,1992-12-10,The Muppet Christmas Carol,1992,G,104940,85,"Comedy, Drama, Family",7.7,50419,27.28,12
['Drama'],17.184,2017-06-01,Loveless,2017,R,6304162,127,Drama,7.6,29934,0.57,6
"['Comedy', 'Family']",11.033,1983-11-18,A Christmas Story,1983,PG,85334,93,"Comedy, Family",7.9,133172,20.61,11
"['Thriller', 'Drama', 'Crime', 'Horror']",21.817,2000-04-13,American Psycho,2000,R,144084,101,"Comedy, Crime, Drama",7.6,493812,15.07,4
"['Comedy', 'Science Fiction', 'Fantasy']",11.222,1991-04-17,Delicatessen,1991,R,101700,99,"Comedy, Crime",7.6,80700,1.79,4
"['Action', 'Drama', 'Thriller']",11.557,1998-03-03,Run Lola Run,1998,R,130827,80,"Crime, Drama, Thriller",7.6,188676,7.27,3
"['Action', 'History', 'War']",24.713,2001-12-28,Black Hawk Down,2001,R,265086,144,"Drama, History, War",7.7,365186,108.64,12
"['Drama', 'Crime', 'Thriller']",12.192,2003-03-05,21 Grams,2003,R,315733,124,"Crime, Drama, Thriller",7.6,225037,16.29,3
"['Action', 'Adventure', 'Science Fiction']",23.679,2013-05-05,Star Trek Into Darkness,2013,PG-13,1408101,132,"Action, Adventure, Sci-Fi",7.7,463866,228.78,5
"['Comedy', 'Family']",1.411,1990-11-16,Home Alone,1990,PG,99785,103,"Comedy, Family",7.6,490388,285.76,11
"['Action', 'Comedy', 'Crime', 'Fantasy']",21.799,2004-02-10,Kung Fu Hustle,2004,R,373074,99,"Action, Comedy, Fantasy",7.7,127630,17.11,2
"['Mystery', 'Science Fiction']",15.814,1998-02-27,Dark City,1998,R,118929,100,"Mystery, Sci-Fi, Thriller",7.6,188308,14.38,2
['Drama'],6.789,2003-05-16,Evil,2003,Not Rated,338309,113,Drama,7.8,35745,0.02,5
"['Drama', 'Adventure', 'Thriller']",9.625,1972-07-30,Deliverance,1972,R,68473,109,"Adventure, Drama, Thriller",7.7,99009,7.06,7
"['Drama', 'Romance', 'War']",9.83,2004-10-26,A Very Long Engagement,2004,R,344510,133,"Drama, Mystery, Romance",7.6,71038,6.17,10
['Drama'],10.541,1981-12-01,On Golden Pond,1981,PG,82846,109,Drama,7.6,27750,119.29,12
"['Drama', 'Romance', 'War']",9.109,1953-08-28,From Here to Eternity,1953,Passed,45793,118,"Drama, Romance, War",7.6,43544,30.5,8
"['Drama', 'History']",8.311,2008-10-15,Frost/Nixon,2008,R,870111,122,"Biography, Drama, History",7.7,103547,18.59,10
"['Crime', 'Drama', 'Thriller']",12.449,1993-02-26,Falling Down,1993,R,106856,113,"Crime, Drama, Thriller",7.6,172322,40.9,2
"['Adventure', 'Comedy', 'Crime']",13.195,2000-08-30,"O Brother, Where Art Thou?",2000,PG-13,190590,107,"Adventure, Comedy, Crime",7.7,288133,45.51,8
"['Drama', 'Mystery']",6.881,2013-05-17,The Past,2013,PG-13,2404461,130,"Drama, Mystery",7.8,45110,1.33,5
"['Comedy', 'Drama', 'History']",10.742,2006-01-26,Rang De Basanti,2006,Not Rated,405508,167,"Comedy, Crime, Drama",8.2,112293,2.2,1
"['Comedy', 'Drama']",28.592,2015-12-11,The Big Short,2015,R,1596363,130,"Biography, Comedy, Drama",7.8,367533,70.26,12
"['Drama', 'Comedy', 'Romance']",9.356,2003-09-17,Love Me If You Dare,2003,R,364517,93,"Comedy, Drama, Romance",7.6,67487,0.55,9
"['Crime', 'Drama', 'Mystery']",14.207,2007-06-06,Gone Baby Gone,2007,R,452623,114,"Crime, Drama, Mystery",7.6,251388,20.3,6
"['Action', 'Thriller', 'Science Fiction', 'Mystery']",24.238,2002-06-20,Minority Report,2002,PG-13,181689,145,"Action, Crime, Mystery",7.6,509774,132.07,6
"['Animation', 'Drama', 'Romance']",11.815,1991-07-20,Only Yesterday,1991,PG,102587,118,"Animation, Drama, Romance",7.6,27326,0.45,7
"['Western', 'Comedy']",12.281,1974-02-07,Blazing Saddles,1974,R,71230,93,"Comedy, Western",7.7,126476,119.5,2
['Drama'],12.807,2004-10-17,Finding Neverland,2004,PG,308644,106,"Biography, Drama, Family",7.6,199030,51.68,10
"['Crime', 'Drama', 'Thriller']",12.615,2012-09-20,End of Watch,2012,R,1855199,109,"Action, Crime, Drama",7.6,228734,41.0,9
"['Family', 'Animation', 'Comedy', 'Adventure']",71.55,2012-11-01,Wreck-It Ralph,2012,PG,1772341,101,"Animation, Adventure, Comedy",7.7,381450,189.42,11
"['Western', 'Crime']",18.153,2016-08-12,Hell or High Water,2016,R,2582782,102,"Action, Crime, Drama",7.6,205055,26.86,8
['Drama'],27.885,2010-10-01,The Social Network,2010,PG-13,1285016,120,"Biography, Drama",7.7,627889,96.96,10
"['Drama', 'Thriller']",8.603,2016-06-24,The Salesman,2016,PG-13,5186714,124,Drama,7.8,51673,2.4,6
"['Action', 'Mystery', 'Science Fiction']",29.343,2009-03-05,Watchmen,2009,R,409459,162,"Action, Drama, Mystery",7.6,502170,107.51,3
"['Science Fiction', 'Action', 'Drama', 'Thriller']",45.949,2014-06-26,Dawn of the Planet of the Apes,2014,PG-13,2103281,130,"Action, Adventure, Drama",7.6,412417,208.55,6
"['Fantasy', 'Drama', 'Thriller', 'Romance']",13.814,2006-08-18,The Illusionist,2006,PG-13,443543,110,"Drama, Fantasy, Mystery",7.6,355366,39.87,8
"['Animation', 'Drama']",7.89,2010-02-16,The Illusionist,2006,PG-13,443543,110,"Drama, Fantasy, Mystery",7.6,355366,39.87,2
"['Drama', 'Romance']",5.539,2013-09-20,The Lunchbox,2013,PG,2350496,104,"Drama, Romance",7.8,50730,4.23,9
['Comedy'],70.725,2009-06-02,The Hangover,2009,R,1119646,100,Comedy,7.7,719197,277.32,6
"['Adventure', 'Fantasy', 'Action']",53.809,2012-11-26,The Hobbit: An Unexpected Journey,2012,PG-13,903624,169,"Adventure, Fantasy",7.8,759335,303.0,11
"['Action', 'Drama', 'Thriller']",23.505,2004-07-23,The Bourne Supremacy,2004,PG-13,372183,108,"Action, Mystery, Thriller",7.7,435859,176.24,7
['Drama'],13.944,2005-05-06,Crash,2004,R,375679,112,"Crime, Drama, Thriller",7.7,420299,54.58,5
"['Drama', 'Thriller', 'Romance']",21.337,1996-07-17,Crash,2004,R,375679,112,"Crime, Drama, Thriller",7.7,420299,54.58,7
"['Drama', 'Fantasy', 'Western']",13.864,1995-12-23,Dead Man,1995,R,112817,121,"Adventure, Drama, Fantasy",7.6,90712,1.04,12
"['Action', 'Thriller', 'Crime']",9.965,1999-01-22,The Boondock Saints,1999,R,144117,108,"Action, Crime, Thriller",7.8,227494,0.03,1
"['Family', 'Animation', 'Adventure']",44.924,1967-10-18,The Jungle Book,1967,G,61852,78,"Animation, Adventure, Family",7.6,166957,141.84,10
"['Adventure', 'Drama', 'Family', 'Fantasy']",25.978,2016-04-07,The Jungle Book,1967,G,61852,78,"Animation, Adventure, Family",7.6,166957,141.84,4
"['Adventure', 'Drama', 'Family']",8.131,1994-12-23,The Jungle Book,1967,G,61852,78,"Animation, Adventure, Family",7.6,166957,141.84,12
['Comedy'],14.342,1980-07-02,Airplane!,1980,PG,80339,88,Comedy,7.7,215597,83.4,7
"['Comedy', 'Horror']",47.256,2009-10-07,Zombieland,2009,R,1156398,88,"Adventure, Comedy, Fantasy",7.6,521344,75.59,10
"['Drama', 'Thriller']",17.651,2012-10-11,Argo,2012,R,1024648,120,"Biography, Drama, Thriller",7.7,574178,136.03,10
"['Crime', 'Drama', 'Thriller']",25.57,2005-09-16,Lord of War,2005,R,399295,122,"Action, Crime, Drama",7.6,294756,24.15,9
['Drama'],4.976,2010-08-26,In a Better World,2010,R,1340107,118,"Drama, Romance",7.6,38550,1.01,8
['Comedy'],11.192,1987-11-26,"Planes, Trains and Automobiles",1987,R,93748,93,"Comedy, Drama",7.6,125167,49.53,11
"['Comedy', 'Drama']",11.528,1993-09-05,Short Cuts,1993,R,108122,188,"Comedy, Drama",7.7,42360,6.11,9
"['Adventure', 'Fantasy', 'Romance', 'Family']",13.107,2007-08-09,Stardust,2007,PG-13,486655,127,"Adventure, Family, Fantasy",7.6,255676,38.63,8
"['Adventure', 'Action', 'Comedy', 'Thriller', 'Crime']",15.704,1987-03-06,Lethal Weapon,1987,R,93409,109,"Action, Crime, Thriller",7.6,237559,65.21,3
"['Drama', 'Action', 'History']",35.206,2017-09-22,Only the Brave,2017,PG-13,3829920,134,"Action, Biography, Drama",7.6,58818,18.34,9
"['Thriller', 'Drama']",15.277,2015-10-15,Bridge of Spies,2015,PG-13,3682448,142,"Drama, History, Thriller",7.6,288744,72.31,10
['Drama'],6.229,2006-02-24,After the Wedding,2006,R,457655,120,Drama,7.7,32091,0.41,2
['Drama'],10.235,2003-10-31,In America,2002,PG-13,298845,105,Drama,7.7,40437,15.54,10
"['Adventure', 'Drama', 'Comedy']",15.778,1998-05-22,Fear and Loathing in Las Vegas,1998,R,120669,118,"Adventure, Comedy, Drama",7.6,260387,10.68,5
"['Family', 'Animation', 'Comedy']",50.863,2010-07-08,Despicable Me,2010,PG,1323594,95,"Animation, Comedy, Crime",7.6,502217,251.51,7
['Drama'],19.095,2011-09-22,Moneyball,2011,PG-13,1210166,133,"Biography, Drama, Sport",7.6,371617,75.61,9
"['Comedy', 'Crime']",21.718,1988-12-02,The Naked Gun: From the Files of Police Squad!,1988,PG-13,95705,85,"Comedy, Crime",7.6,153506,78.76,12
"['Action', 'Adventure', 'Crime', 'Mystery']",31.054,2009-12-23,Sherlock Holmes,2009,PG-13,988045,128,"Action, Adventure, Mystery",7.6,584560,209.03,12
"['Science Fiction', 'Thriller', 'Drama']",22.293,2013-10-03,Gravity,2013,PG-13,1454468,91,"Drama, Sci-Fi, Thriller",7.7,771110,274.09,10
"['Action', 'Adventure', 'Thriller']",34.112,2012-10-25,Skyfall,2012,PG-13,1074638,143,"Action, Adventure, Thriller",7.7,631848,304.36,10
"['Animation', 'Comedy']",17.244,1999-06-30,"South Park: Bigger, Longer & Uncut",1999,R,158983,81,"Animation, Comedy, Fantasy",7.7,192388,52.04,6
"['Action', 'Adventure', 'War']",39.352,2006-12-09,300,2006,R,416449,117,"Action, Drama",7.6,734499,210.61,12
"['Comedy', 'Drama']",13.719,2011-09-30,50/50,2011,R,1306980,100,"Comedy, Drama, Romance",7.6,315898,35.01,9
['Western'],19.364,2007-09-06,3:10 to Yuma,2007,R,381849,122,"Action, Crime, Drama",7.7,289571,53.61,9
"['Drama', 'Thriller', 'Crime']",9.475,2004-09-29,Dead Man's Shoes,2004,Not Rated,419677,90,"Crime, Drama, Thriller",7.6,49863,0.01,9
"['Music', 'Adventure', 'Comedy', 'Family']",11.935,1979-05-31,The Muppet Movie,1979,G,79588,95,"Adventure, Comedy, Family",7.6,32927,76.66,5
"['Drama', 'Comedy', 'Romance']",17.894,2012-09-08,Silver Linings Playbook,2012,R,1045658,122,"Comedy, Drama, Romance",7.7,663746,132.09,9
"['Action', 'Crime']",27.88,2010-03-22,Kick-Ass,2010,R,1250777,117,"Action, Comedy, Crime",7.6,525454,48.07,3
